Generacion,CarID,Fitness_Final,Tiempo_Vivo,SpawnID,Razon_Muerte,Penalty_Muerte,Acum_PenaltyVelocidad,Acum_A,Acum_F,Acum_WaitBonus,Acum_NetNormal,Acum_PenaltyCorrectingWrong,Acum_PenaltyTrafficViolation,Ticks_Normal,Ticks_Total,TrainingMode,Acum_ThrottlePos,Acum_BrakeInput,CoastTime,Acum_StopBrake,Acum_StopThrottle,Ticks_StopContext,Acum_CreepingPenalty,Acum_ReversePenalty,Acum_LazyPenalty,Acum_SteeringWhileStopped,Acum_ThrottleDuringGraceTime,Acum_BrakeDuringGraceTime,YieldValidationTime,StopValidationTime,Acum_SteeringInput,Acum_TargetSteering,CarIndex,Acum_ABS_Steering,Ticks_StopContext_TrafficLight,Ticks_StopContext_Stop,Ticks_StopContext_Yield,MutNumChanged,MutAvgMagnitude,MutNumLarge,MutParentFitness,Acum_SteerApproachPenalty,NumStopZonesEntered,NotNorm_PeakFitness,Acum_StopCompletionBonus,NumStopsCompleted,Acum_YieldCompletionBonus,NumYieldsCompleted,Acum_NavPenalty,NumRoundaboutsEntered,NumRoundaboutsCompleted,Acum_SpeedAtRoundaboutEntry,Acum_FrontObstAtRoundaboutEntry,Ticks_InRoundabout,Acum_SteeringInRoundabout,Acum_ThrottleInRoundabout,CollisionsInRoundabout,R_CurrentExitNumber,R_EntryDir_First,R_EntryDir_Second,R_EntryDir_Third,R_Exit1_Count,R_Exit2_Count,R_Exit3Plus_Count,R_Exit1_Deaths,R_Exit2_Deaths,R_Exit3Plus_Deaths,R_Exit1_Steering,R_Exit2_Steering,R_Exit3Plus_Steering,R_Exit1_Ticks,R_Exit2_Ticks,R_Exit3Plus_Ticks,R_Exit1_Throttle,R_Exit2_Throttle,R_Exit3Plus_Throttle,Acum_RoundaboutBonus,Acum_RndCompletionBonus,Acum_RndEntryPenalty,Acum_RndThrottlePenalty,Acum_AlignmentPenalty,NumCarOverlaps
﻿1,BP_VehicleAI217,805.46348,7,BP_SpawnPoint7,COLLISION_WITH_BP_IntersectionBorder176,441.946932,694.061686,1770.159227,0.962507,0.0,1771.121734,0.0,0.0,180.0,180.0,true,3.227731,0.517812,1.47262,0.153274,0.0,8.0,0.0,0.0,0.0,0.030255,0.0,0.0,0.0,0.0,35.073766,35.073766,18,91.260141,0.0,0.0,8.0,0,0.0,0,203803.708155,0.546553,0,1679.368885,0.0,0,170.927174,1,0.0,0,0,0.0,0.0,0,0.0,0.0,0,0,0,0,0,0,0,0,0,0,0,0.0,0.0,0.0,0.0,0.0,0.0,0.0,0.0,0.0,0.0,0.0,0.0,0.0,0.000002,1
﻿1,BP_VehicleAI222,7437.703409,11,BP_SpawnPoint31,COLLISION_WITH_NavModifierVolume32,140.677218,202.814112,6417.231456,4.783863,0.0,6422.015319,0.0,0.0,269.0,269.0,true,3.961865,0.636769,0.07934,0.304627,0.0,8.0,0.0,0.0,0.0,0.228043,0.0,0.0,0.0,0.0,-9.376058,-9.376058,23,93.303142,0.0,0.0,8.0,0,0.0,0,203803.708155,15.900093,0,7673.803444,0.0,0,1375.307558,1,0.0,0,0,0.0,0.0,0,0.0,0.0,0,0,0,0,0,0,0,0,0,0,0,0.0,0.0,0.0,0.0,0.0,0.0,0.0,0.0,0.0,0.0,0.0,0.0,0.0,0.000003,1
﻿1,BP_VehicleAI25,6004.857324,16,BP_SpawnPoint34,STOP_VIOLATION,0.0,286.576923,5508.513838,3.54853,0.0,5512.062367,85.735539,0.0,372.0,394.0,true,4.686004,1.956786,1.52566,1.872312,0.0,122.0,238.43784,0.000002,0.0,1.604741,0.0,0.268213,0.0,3.9,114.837355,114.837355,6,183.100125,0.0,114.0,8.0,0,0.0,0,203803.708155,86.735962,2,6060.069349,0.0,0,1191.886762,1,0.0,0,0,0.0,0.0,0,0.0,0.0,0,0,0,0,0,0,0,0,0,0,0,0.0,0.0,0.0,0.0,0.0,0.0,0.0,0.0,0.0,0.0,0.0,0.0,0.0,0.000798,0
﻿1,BP_VehicleAI223,7621.153146,17,BP_SpawnPoint59,STOP_VIOLATION,0.0,1134.08165,10009.57663,6.541632,0.0,10016.118262,73.178094,0.0,430.0,437.0,true,5.811495,3.192053,1.145513,2.991956,0.0,111.0,733.66487,0.000019,0.0,8.558585,0.0,0.0,0.0,3.8,60.529202,60.529202,24,220.274226,0.0,111.0,0.0,0,0.0,0,203803.708155,445.480104,1,8655.440864,0.0,0,0.0,0,0.0,0,0,0.0,0.0,0,0.0,0.0,0,0,0,0,0,0,0,0,0,0,0,0.0,0.0,0.0,0.0,0.0,0.0,0.0,0.0,0.0,0.0,0.0,0.0,0.0,0.001794,1
﻿1,BP_VehicleAI20,4967.081742,20,BP_SpawnPoint45,STOP_VIOLATION,0.864412,2069.702803,7294.835799,4.680821,13.210893,7299.51662,58.66388,0.0,516.0,527.0,true,6.315068,1.483521,3.96958,0.743485,0.452769,129.0,144.002543,0.0,0.0,1.988658,0.0,0.0,0.0,4.5,125.14389,125.14389,1,212.779641,0.0,129.0,0.0,0,0.0,0,203803.708155,70.423384,1,5065.670126,0.0,0,0.0,0,0.0,0,0,0.0,0.0,0,0.0,0.0,0,0,0,0,0,0,0,0,0,0,0,0.0,0.0,0.0,0.0,0.0,0.0,0.0,0.0,0.0,0.0,0.0,0.0,0.0,0.000091,1
﻿1,BP_VehicleAI225,6134.211262,23,BP_SpawnPoint10,STOP_VIOLATION,0.0,918.378372,6216.556455,3.969811,52.450296,6220.526266,105.125012,0.0,582.0,606.0,true,7.370114,3.722669,0.449636,3.492501,0.0,179.0,215.047881,0.000024,0.0,2.718771,0.912663,0.123337,0.0,3.9,205.748978,205.748978,26,339.678706,0.0,114.0,65.0,0,0.0,0,203803.708155,116.487284,2,6184.503669,0.0,0,1218.993125,1,0.0,0,0,0.0,0.0,0,0.0,0.0,0,0,0,0,0,0,0,0,0,0,0,0.0,0.0,0.0,0.0,0.0,0.0,0.0,0.0,0.0,0.0,0.0,0.0,0.0,0.001081,0
﻿1,BP_VehicleAI216,7608.345554,25,BP_SpawnPoint29,COLLISION_WITH_BP_IntersectionBorder266,1437.811433,1467.246479,9978.151945,6.014555,0.0,9984.1665,0.0,0.0,665.0,665.0,true,8.40924,0.731411,4.036265,0.298343,0.0,9.0,0.0,0.0,0.0,0.107701,0.0,0.0,0.0,0.0,53.275358,53.275358,17,326.14132,0.0,0.0,9.0,0,0.0,0,203803.708155,11.389768,0,9632.779826,0.0,0,1278.105105,1,737.37062,1,0,913.906738,1.0,268,-65.292445,92.447698,1,3,0,1,0,1,1,1,0,0,1,81.06822,33.246574,34.50267,192.0,40.0,36.0,39.703837,20.924528,31.819334,0.0,0.0,0.0,0.0,0.000049,0
﻿1,BP_VehicleAI218,11235.314482,28,BP_SpawnPoint22,COLLISION_WITH_NavModifierVolume36,180.737632,1533.759284,11532.33854,8.42185,450.068803,11540.76039,0.0,243.472482,743.0,743.0,true,7.848491,2.840928,3.101275,2.3807,0.0,152.0,27.449641,0.000001,0.0,0.61187,0.687532,0.879145,0.0,0.0,257.614822,257.614822,19,403.604305,143.0,0.0,9.0,0,0.0,0,203803.708155,38.171084,2,11417.072053,0.0,0,1268.687464,1,0.0,0,0,0.0,0.0,0,0.0,0.0,0,0,0,0,0,0,0,0,0,0,0,0.0,0.0,0.0,0.0,0.0,0.0,0.0,0.0,0.0,0.0,0.0,0.0,0.0,0.000181,2
﻿1,BP_VehicleAI29,11443.2473,32,BP_SpawnPoint28,COLLISION_WITH_BP_IntersectionBorder227,1479.692721,1358.703064,14359.86189,9.528328,2.972916,14369.390218,0.0,0.0,896.0,896.0,true,9.986735,1.352545,5.127112,0.916842,0.0,30.0,0.0,0.000012,0.0,0.680996,1.011676,0.0,0.0,0.0,98.825962,98.825962,10,390.231999,0.0,0.0,30.0,0,0.0,0,203803.708155,28.064051,1,13466.214168,0.0,0,1274.033104,1,1336.007521,1,0,911.817871,1.0,312,-38.575143,99.135557,1,3,0,1,0,1,1,1,0,0,1,118.594337,32.635513,25.491859,247.0,39.0,26.0,49.572367,25.381864,24.181326,0.0,0.0,0.0,0.0,0.000571,0
﻿1,BP_VehicleAI27,10181.633949,34,BP_SpawnPoint33,STOP_VIOLATION,0.0,1253.614777,10445.990152,6.549877,106.762527,10452.540029,58.714101,0.0,924.0,945.0,true,9.250168,5.837024,3.350436,5.354941,0.0,254.0,213.859122,0.000026,0.0,2.259805,0.961324,0.082547,0.0,3.8,350.999831,350.999831,8,506.915003,0.0,146.0,108.0,0,0.0,0,203803.708155,104.097018,2,10230.855151,0.0,0,1254.877168,1,0.0,0,0,0.0,0.0,0,0.0,0.0,0,0,0,0,0,0,0,0,0,0,0,0.0,0.0,0.0,0.0,0.0,0.0,0.0,0.0,0.0,0.0,0.0,0.0,0.0,0.000926,1
﻿1,BP_VehicleAI26,18012.815939,38,BP_SpawnPoint38,STOP_VIOLATION,0.0,2045.940962,13883.09799,9.377178,0.0,13892.475169,36.643877,0.0,1083.0,1089.0,true,9.862382,2.829706,7.160015,2.355881,0.104565,282.0,260.443658,0.0,0.0,2.093134,1.525518,0.0,0.0,4.1,97.179326,97.179326,7,504.609853,0.0,272.0,10.0,0,0.0,0,203803.708155,152.452056,2,18506.3593,6000.0,1,1192.064841,1,574.148762,0,0,0.0,0.0,0,0.0,0.0,0,0,0,0,0,0,0,0,0,0,0,0.0,0.0,0.0,0.0,0.0,0.0,0.0,0.0,0.0,0.0,0.0,0.0,0.0,0.001622,1
﻿1,BP_VehicleAI28,16604.540934,39,BP_SpawnPoint12,STOP_VIOLATION,119.844035,2150.74864,19061.768992,12.461108,0.0,19074.2301,0.0,0.0,1127.0,1127.0,true,11.039896,4.480105,4.186386,3.77436,0.010039,162.0,635.049243,0.000037,0.0,7.421734,0.0,0.0,0.0,3.7,-2.906968,-2.906968,9,493.437208,0.0,144.0,18.0,0,0.0,0,203803.708155,463.354878,1,17739.972451,0.0,0,906.731645,2,0.0,1,0,79.162643,0.488923,272,5.212303,90.357789,0,1,0,1,0,1,0,0,0,0,0,132.706559,0.0,0.0,272.0,0.0,0.0,90.357789,0.0,0.0,0.0,0.0,0.0,0.0,0.002243,0
﻿1,BP_VehicleAI226,22879.092865,41,BP_SpawnPoint49,COLLISION_WITH_BP_IntersectionBorder19,608.308432,2303.225654,18651.701986,13.632928,17.652418,18665.334913,0.0,0.0,1175.0,1175.0,true,11.59949,2.187298,7.285579,1.433854,0.317346,143.0,51.006883,0.0,0.0,1.245518,2.507455,0.0,0.0,0.0,192.347888,192.347888,27,372.645634,0.0,117.0,26.0,0,0.0,0,203803.708155,47.325417,2,23697.061733,6000.0,1,1207.217702,1,0.0,0,0,0.0,0.0,0,0.0,0.0,0,0,0,0,0,0,0,0,0,0,0,0.0,0.0,0.0,0.0,0.0,0.0,0.0,0.0,0.0,0.0,0.0,0.0,0.0,0.000263,1
﻿1,BP_VehicleAI224,22162.356914,44,BP_SpawnPoint11,STOP_VIOLATION,188.184144,2071.505508,23365.054209,15.563501,7.559678,23380.617711,0.0,0.0,1316.0,1316.0,true,12.671971,5.09618,3.597481,4.457287,0.0,186.0,627.322166,0.00011,0.0,9.417426,1.024303,0.178488,0.0,3.7,9.056025,9.056025,25,551.901414,0.0,144.0,42.0,0,0.0,0,203803.708155,468.183203,2,23345.495356,0.0,0,2138.793721,2,0.0,1,0,911.222168,1.0,250,21.188727,58.694404,0,1,0,1,0,1,0,0,0,0,0,130.149161,0.0,0.0,250.0,0.0,0.0,58.694404,0.0,0.0,0.0,0.0,0.0,0.0,0.001638,0
﻿1,BP_VehicleAI230,23214.405298,45,BP_SpawnPoint37,STOP_VIOLATION,0.0,2071.369815,16115.325841,11.41061,2706.986538,16126.736451,20.607167,0.0,1333.0,1347.0,true,10.990646,3.660853,12.866376,3.290343,0.402042,554.0,502.017742,0.000008,0.0,4.089325,0.671242,0.974519,0.0,3.9,146.838232,146.838232,31,505.730825,0.0,545.0,9.0,0,0.0,0,203803.708155,226.540234,2,23326.73777,6000.0,1,1205.312308,1,0.0,0,0,0.0,0.0,0,0.0,0.0,0,0,0,0,0,0,0,0,0,0,0,0.0,0.0,0.0,0.0,0.0,0.0,0.0,0.0,0.0,0.0,0.0,0.0,0.0,0.005707,0
﻿1,BP_VehicleAI227,18089.336242,46,BP_SpawnPoint47,STOP_VIOLATION,0.691372,2613.12142,19923.450349,13.734841,16.949667,19937.18519,22.552781,0.0,1346.0,1363.0,true,11.382432,2.451946,10.179809,1.653388,0.240253,264.0,292.136071,0.000016,0.0,1.546548,0.837376,0.0,0.0,5.7,84.20833,84.20833,28,466.262617,0.0,226.0,38.0,0,0.0,0,203803.708155,68.593983,2,18251.849432,0.0,0,1133.843824,1,0.0,0,0,0.0,0.0,0,0.0,0.0,0,0,0,0,0,0,0,0,0,0,0,0.0,0.0,0.0,0.0,0.0,0.0,0.0,0.0,0.0,0.0,0.0,0.0,0.0,0.000248,0
﻿1,BP_VehicleAI220,23945.525289,52,BP_SpawnPoint56,STOP_VIOLATION,129.152517,2538.159031,25323.444384,16.826228,0.0,25340.270612,0.0,0.0,1614.0,1614.0,true,13.878296,5.098183,6.105371,4.386186,0.0,202.0,619.435482,0.000135,0.0,7.534079,1.038343,0.228395,0.0,3.7,-45.162687,-45.162687,21,666.719056,0.0,175.0,27.0,0,0.0,0,203803.708155,473.807869,3,25064.429059,0.0,0,2526.045986,3,0.0,1,0,611.749084,0.220981,277,-2.752139,79.656371,0,1,0,1,0,1,0,0,0,0,0,156.315673,0.0,0.0,277.0,0.0,0.0,79.656371,0.0,0.0,-152.699682,0.0,152.699682,0.0,0.002515,0
﻿1,BP_VehicleAI213,35233.524469,67,BP_SpawnPoint46,COLLISION_WITH_BP_IntersectionBorder277,1392.327681,5953.801001,28447.658184,20.040029,11.191737,28467.698214,30.64243,0.0,2277.0,2296.0,true,19.644578,4.900864,11.029868,3.713828,0.406843,335.0,181.086888,0.000094,0.0,2.369175,2.270498,1.426791,0.0,0.0,-240.911779,-240.911779,14,910.593777,0.0,313.0,22.0,0,0.0,0,203803.708155,141.186298,2,37445.754902,12000.0,2,2456.053706,2,0.0,1,0,930.871582,1.0,337,-128.542401,132.623733,1,3,0,0,1,1,1,1,0,0,1,138.923036,43.080119,35.698074,253.0,47.0,37.0,71.146112,29.314671,32.16295,0.0,0.0,0.0,0.0,0.005622,0
﻿1,BP_VehicleAI214,45309.07142,73,BP_SpawnPoint58,COLLISION_WITH_BP_IntersectionBorder269,1499.816017,4364.29928,39636.077362,30.387558,0.0,39666.464919,42.756206,0.0,2567.0,2581.0,true,19.42284,2.7657,13.167983,1.481853,0.119964,224.0,146.535559,0.000009,0.0,1.761,1.287192,0.59702,0.0,0.0,184.122168,184.122168,15,983.239488,0.0,191.0,33.0,0,0.0,0,203803.708155,79.564576,2,47567.823465,6000.0,1,3756.233961,3,772.818326,1,1,1800.541931,2.0,586,-48.615391,184.961311,1,3,1,0,1,2,1,1,0,0,1,255.445115,45.879928,32.283362,501.0,49.0,36.0,122.930614,27.920581,34.110116,2793.923767,2793.923767,0.0,0.0,0.000254,0
﻿1,BP_VehicleAI229,37396.937528,73,BP_SpawnPoint52,STOP_VIOLATION,0.0,3321.196037,38810.001873,29.443923,402.97862,38839.445796,0.0,0.0,2584.0,2584.0,true,18.28757,7.810873,8.514091,6.636772,0.0,331.0,573.72403,0.000126,0.0,8.749481,0.757513,0.0,0.0,3.7,555.354951,555.354951,30,969.779586,0.0,180.0,151.0,0,0.0,0,203803.708155,401.530004,2,38214.002991,0.0,0,2459.715465,2,0.0,0,0,0.0,0.0,0,0.0,0.0,0,0,0,0,0,0,0,0,0,0,0,0.0,0.0,0.0,0.0,0.0,0.0,0.0,0.0,0.0,0.0,0.0,0.0,0.0,0.002676,0
﻿1,BP_VehicleAI215,59954.794821,85,BP_SpawnPoint57,STOP_VIOLATION,0.0,2551.512279,56471.875,44.403443,0.0,56516.278443,0.0,0.0,3165.0,3165.0,true,20.677511,6.28618,8.526435,4.718834,0.0,244.0,563.730113,0.000281,0.0,7.129508,0.33896,0.040405,0.0,3.7,504.391313,504.391313,16,953.239463,0.0,215.0,29.0,0,0.0,0,203803.708155,395.266751,2,60750.811141,0.0,0,4210.689329,3,0.0,1,1,1858.98053,1.950157,505,86.748136,117.81382,0,2,1,1,0,2,1,0,0,0,0,209.104329,53.523282,0.0,401.0,104.0,0.0,87.357156,30.456665,0.0,2745.467717,2745.467717,0.0,0.0,0.001736,0
﻿1,BP_VehicleAI219,53220.884735,92,BP_SpawnPoint41,STOP_VIOLATION,0.0,2646.089197,53996.038794,40.690236,0.0,54036.72903,39.688373,0.0,3550.0,3580.0,true,22.138583,5.26281,11.617158,3.879171,0.0,259.0,616.202112,0.000239,0.0,7.800467,0.7114,0.037354,0.0,3.8,628.403037,628.403037,20,1250.034015,0.0,220.0,39.0,0,0.0,0,203803.708155,392.829452,2,54054.453711,0.0,0,4116.215162,4,1229.448216,1,0,910.527527,1.0,422,90.195005,88.049939,0,1,1,0,0,1,0,0,0,0,0,209.099467,0.0,0.0,422.0,0.0,0.0,88.049939,0.0,0.0,0.0,0.0,0.0,0.0,0.001401,0
﻿1,BP_VehicleAI22,66505.836436,102,BP_SpawnPoint,STOP_VIOLATION,0.0,3651.346829,61134.762387,47.369974,43.111825,61182.132361,0.0,0.0,4123.0,4123.0,true,24.576134,7.185581,13.105044,5.610545,0.0,377.0,628.297022,0.0004,0.0,6.983462,1.554795,0.249939,0.0,3.8,588.935311,588.935311,3,1256.038663,0.0,339.0,38.0,0,0.0,0,203803.708155,410.312282,3,67282.894245,6000.0,1,3977.533951,3,0.0,0,0,0.0,0.0,0,0.0,0.0,0,0,0,0,0,0,0,0,0,0,0,0.0,0.0,0.0,0.0,0.0,0.0,0.0,0.0,0.0,0.0,0.0,0.0,0.0,0.001706,1
﻿1,BP_VehicleAI23,52249.603869,103,BP_SpawnPoint35,STOP_VIOLATION,0.0,4242.419497,49365.437244,35.042455,333.091415,49400.4797,98.513116,0.0,4139.0,4186.0,true,26.264866,8.996591,12.212391,7.323953,0.0,455.0,204.711265,0.000241,0.0,3.558942,3.032699,0.125731,0.0,3.9,1054.795217,1054.795217,4,1679.450047,0.0,239.0,216.0,0,0.0,0,203803.708155,193.583001,4,52292.799872,0.0,0,7258.820116,6,0.0,0,0,0.0,0.0,0,0.0,0.0,0,0,0,0,0,0,0,0,0,0,0,0.0,0.0,0.0,0.0,0.0,0.0,0.0,0.0,0.0,0.0,0.0,0.0,0.0,0.001299,0
﻿1,BP_VehicleAI21,56443.021907,121,BP_SpawnPoint5,STOP_VIOLATION,0.0,6297.803565,56565.863971,39.865174,0.0,56605.729144,15.615958,0.0,5370.0,5395.0,true,29.001625,4.918512,22.624287,2.947668,0.012396,401.0,304.443909,0.0,0.0,2.953949,2.935094,0.013213,0.0,4.5,1131.231631,1131.231631,2,1876.696776,0.0,308.0,93.0,0,0.0,0,203803.708155,245.184943,4,56458.120848,0.0,0,6703.296341,7,0.0,1,0,921.382263,1.0,233,76.939551,50.68801,0,1,1,0,0,1,0,0,0,0,0,109.202946,0.0,0.0,233.0,0.0,0.0,50.68801,0.0,0.0,0.0,0.0,0.0,0.0,0.001254,0
﻿1,BP_VehicleAI212,64512.602295,125,BP_SpawnPoint42,STOP_VIOLATION,0.0,4973.598066,54999.18154,41.596356,443.027017,55040.777897,0.0,320.369992,5701.0,5701.0,true,27.277335,19.984947,9.899887,18.128761,0.0,1328.0,568.339136,0.000765,0.0,3.101444,3.859053,0.0,0.0,3.6,1710.734253,1710.734253,13,2466.644018,622.0,658.0,48.0,0,0.0,0,203803.708155,222.425813,4,64740.568442,12000.0,2,3203.82245,3,87.187152,0,0,0.0,0.0,0,0.0,0.0,0,0,0,0,0,0,0,0,0,0,0,0.0,0.0,0.0,0.0,0.0,0.0,0.0,0.0,0.0,0.0,0.0,0.0,0.0,0.002702,2
﻿1,BP_VehicleAI221,77679.43009,135,BP_SpawnPoint48,STOP_VIOLATION,108.701692,7464.186542,65974.650538,47.630326,0.0,66022.280864,37.144234,0.0,6410.0,6436.0,true,33.462936,9.051659,22.953162,7.009567,0.013071,853.0,1065.775585,0.000476,0.0,14.351099,2.981411,0.620727,0.0,3.7,231.070167,231.070167,22,2392.606686,0.0,768.0,85.0,0,0.0,0,203803.708155,722.029539,4,78752.629655,12000.0,2,6286.095207,6,0.0,1,1,1846.930786,2.0,779,117.753639,176.930512,0,1,1,1,0,2,0,0,0,0,0,400.423123,0.0,0.0,779.0,0.0,0.0,176.930512,0.0,0.0,2783.252747,2783.252747,0.0,0.0,0.009562,0
﻿1,BP_VehicleAI211,89010.515022,148,BP_SpawnPoint2,STOP_VIOLATION,0.0,6273.265539,79362.777325,59.235673,135.058674,79422.012998,43.478825,0.0,7498.0,7547.0,true,37.398211,12.932299,21.493821,9.882185,0.0,651.0,691.187693,0.000667,0.0,7.267318,4.291815,0.945116,0.0,3.8,1520.126998,1520.126998,12,2796.300621,0.0,576.0,75.0,0,0.0,0,203803.708155,474.153727,5,89819.273217,12000.0,2,6069.298691,5,1126.499611,1,0,910.834473,1.0,660,135.960036,131.290537,0,1,1,0,0,1,0,0,0,0,0,332.887386,0.0,0.0,660.0,0.0,0.0,131.290537,0.0,0.0,0.0,0.0,0.0,0.0,0.00196,1
﻿1,BP_VehicleAI228,133869.56852,216,BP_SpawnPoint44,STOP_VIOLATION,0.0,6171.332091,126409.718028,97.500632,60.573256,126507.21866,54.82617,0.0,13661.0,13719.0,true,48.253782,9.838068,33.325462,5.558804,0.014941,714.0,301.260025,0.000212,0.0,4.215969,2.532535,0.119412,0.0,4.5,2354.22668,2354.22668,29,4475.855463,0.0,429.0,285.0,0,0.0,0,203803.708155,280.220582,4,133884.118916,0.0,0,9034.488403,8,2329.155707,1,3,3064.317932,3.263006,2195,331.830537,399.479068,0,2,1,3,0,4,3,0,0,0,0,829.449662,367.910131,0.0,1600.0,595.0,0.0,248.840975,150.638093,0.0,7408.300373,7408.300373,0.0,0.0,0.001417,0
﻿1,BP_VehicleAI24,142739.370799,219,BP_SpawnPoint43,STOP_VIOLATION,0.0,6471.421739,121950.932586,92.62766,173.872401,122043.560246,38.173766,0.0,13900.0,13951.0,true,51.94441,13.562926,26.18285,10.004997,0.0,1059.0,740.76592,0.000471,0.0,9.705555,2.906914,0.218379,0.0,3.8,2038.875865,2038.875865,5,4794.667328,0.0,871.0,188.0,0,0.0,0,203803.708155,572.083275,5,143568.727448,12000.0,2,10669.240632,8,2556.433284,1,3,3084.289032,3.789585,2849,578.059223,618.66436,0,1,3,1,0,4,1,0,0,0,0,1230.386746,116.378721,0.0,2652.0,197.0,0.0,573.678834,44.985526,0.0,8241.284171,8241.284171,0.0,0.0,0.002641,0
﻿1,BP_VehicleAI210,365453.949054,591,BP_SpawnPoint40,STOP_VIOLATION,0.0,26598.167393,309401.138332,236.574373,1101.878902,309637.712705,39.949262,525.921975,43099.0,43141.0,true,140.89594,44.030051,75.278547,33.695227,0.006779,5448.0,1353.874773,0.00212,0.0,13.237043,20.691983,0.655229,0.0,3.8,9884.321969,9884.321969,11,16177.425081,1500.0,3500.0,448.0,0,0.0,0,203803.708155,902.537539,17,366276.825347,66000.0,11,19578.416479,18,1430.364148,1,0,909.983582,1.0,635,126.317221,128.112089,0,1,1,0,0,1,0,0,0,0,0,313.229143,0.0,0.0,635.0,0.0,0.0,128.112089,0.0,0.0,0.0,0.0,0.0,0.0,0.004777,1
﻿2,BP_VehicleAI254,2897.597471,6,BP_SpawnPoint45,COLLISION_WITH_BP_IntersectionBorder118,457.631008,446.985275,3799.344391,2.869363,0.0,3802.213754,0.0,0.0,167.0,167.0,true,2.607126,0.155633,0.121608,0.0,0.0,0.0,0.0,0.0,0.0,0.0,0.0,0.0,0.0,0.0,1.740494,1.740494,24,56.492429,0.0,0.0,0.0,2,-0.017124,0,365453.949054,0.0,0,3723.936096,0.0,0,0.0,0,0.0,0,0,0.0,0.0,0,0.0,0.0,0,0,0,0,0,0,0,0,0,0,0,0.0,0.0,0.0,0.0,0.0,0.0,0.0,0.0,0.0,0.0,0.0,0.0,0.0,0.0,1
﻿2,BP_VehicleAI243,752.941136,6,BP_SpawnPoint7,COLLISION_WITH_BP_IntersectionBorder176,446.374786,694.599544,1720.551818,0.925689,0.0,1721.477507,0.0,0.0,178.0,178.0,true,2.834594,0.449003,1.546735,0.098859,0.0,8.0,0.0,0.0,0.0,0.042491,0.0,0.0,0.0,0.0,33.289513,33.289513,13,90.889777,0.0,0.0,8.0,1,0.026418,0,203803.708155,0.529269,0,1627.990044,0.0,0,173.00972,1,0.0,0,0,0.0,0.0,0,0.0,0.0,0,0,0,0,0,0,0,0,0,0,0,0.0,0.0,0.0,0.0,0.0,0.0,0.0,0.0,0.0,0.0,0.0,0.0,0.0,0.000001,1
﻿2,BP_VehicleAI242,7103.28131,10,BP_SpawnPoint31,COLLISION_WITH_NavModifierVolume32,170.527538,212.25595,6127.280069,4.527012,0.0,6131.807081,0.0,0.0,266.0,266.0,true,3.483313,0.600313,0.114331,0.304826,0.0,8.0,0.0,0.0,0.0,0.213886,0.666967,0.224732,0.0,0.0,-11.969723,-11.969723,12,86.337578,0.0,0.0,8.0,2,0.00062,0,203803.708155,15.701138,1,7393.217241,0.0,0,1370.172744,1,0.0,0,0,0.0,0.0,0,0.0,0.0,0,0,0,0,0,0,0,0,0,0,0,0.0,0.0,0.0,0.0,0.0,0.0,0.0,0.0,0.0,0.0,0.0,0.0,0.0,0.000004,1
﻿2,BP_VehicleAI247,5235.748174,14,BP_SpawnPoint58,COLLISION_WITH_BP_IntersectionBorder263,1371.173514,1386.343728,6810.76985,4.25487,0.0,6815.02472,0.0,0.0,373.0,373.0,true,5.73741,0.45365,0.73333,0.288224,0.0,8.0,0.0,0.0,0.0,0.002933,1.040022,0.0,0.0,0.0,-31.76345,-31.76345,17,175.306899,0.0,0.0,8.0,0,0.0,0,365453.949054,10.097515,1,7306.474637,0.0,0,1188.341164,1,0.0,1,0,871.060913,1.0,269,-42.146971,86.383432,1,2,0,0,1,1,1,0,0,1,0,77.757038,60.540678,0.0,201.0,68.0,0.0,39.338433,47.044998,0.0,0.0,0.0,0.0,0.0,0.000019,0
﻿2,BP_VehicleAI239,7511.994538,16,BP_SpawnPoint59,STOP_VIOLATION,0.0,961.221341,9592.705346,6.250155,0.0,9598.955501,0.0,0.0,441.0,441.0,true,5.366628,3.089106,0.707609,2.879614,0.0,116.0,692.492233,0.000006,0.0,8.432679,0.0,0.0,0.0,3.8,55.11756,55.11756,9,212.844133,0.0,116.0,0.0,1,0.039218,0,203803.708155,424.813312,1,8480.663261,0.0,0,0.0,0,0.0,0,0,0.0,0.0,0,0.0,0.0,0,0,0,0,0,0,0,0,0,0,0,0.0,0.0,0.0,0.0,0.0,0.0,0.0,0.0,0.0,0.0,0.0,0.0,0.0,0.001393,1
﻿2,BP_VehicleAI252,8815.788813,16,BP_SpawnPoint5,COLLISION_WITH_BP_IntersectionBorder217,172.345236,1218.721191,8301.437802,5.867356,0.0,8307.305158,0.0,0.0,444.0,444.0,true,5.406496,0.888583,1.391545,0.6029,0.0,18.0,0.0,0.0,0.0,0.371759,0.0,0.0,0.0,0.0,87.791301,87.791301,22,197.773489,0.0,0.0,18.0,1,-0.041446,0,365453.949054,17.44498,0,8988.134049,0.0,0,1917.366945,2,0.0,1,0,921.515747,1.0,163,26.505907,16.719852,1,1,1,0,0,1,0,0,1,0,0,63.407309,0.0,0.0,163.0,0.0,0.0,16.719852,0.0,0.0,0.0,0.0,0.0,0.0,0.000124,0
﻿2,BP_VehicleAI260,6577.041484,17,BP_SpawnPoint46,COLLISION_WITH_NavModifierVolume33,370.126138,1193.667573,8135.35189,5.483304,0.0,8140.835194,0.0,0.0,463.0,463.0,true,4.810729,0.39049,4.023529,0.0,0.0,0.0,0.0,0.0,0.0,0.0,0.0,0.0,0.0,0.0,-82.779481,-82.779481,30,150.039557,0.0,0.0,0.0,0,0.0,0,203803.708155,0.0,0,7174.919603,0.0,0,0.0,0,0.0,0,0,0.0,0.0,0,0.0,0.0,0,0,0,0,0,0,0,0,0,0,0,0.0,0.0,0.0,0.0,0.0,0.0,0.0,0.0,0.0,0.0,0.0,0.0,0.0,0.0,1
﻿2,BP_VehicleAI259,4945.631689,18,BP_SpawnPoint22,COLLISION_WITH_BP_IntersectionBorder176,631.166307,2102.611598,6848.591065,4.24551,0.0,6852.836575,0.0,0.0,523.0,523.0,true,6.847179,0.86466,2.593396,0.210493,0.0,9.0,0.0,0.0,0.0,0.0,0.501035,0.015832,0.0,0.0,123.249209,123.249209,29,237.2004,0.0,0.0,9.0,1,0.020403,0,203803.708155,4.706486,1,5738.5748,0.0,0,831.27956,1,0.0,0,0,0.0,0.0,0,0.0,0.0,0,0,0,0,0,0,0,0,0,0,0,0.0,0.0,0.0,0.0,0.0,0.0,0.0,0.0,0.0,0.0,0.0,0.0,0.0,0.000056,0
﻿2,BP_VehicleAI232,6995.873819,23,BP_SpawnPoint56,COLLISION_WITH_BP_IntersectionBorder270,1539.122594,2140.5269,9183.074178,5.859734,0.0,9188.933912,0.0,0.0,656.0,656.0,true,8.144252,0.789804,2.84557,0.621766,0.0,18.0,0.0,0.0,0.0,0.212493,0.363014,0.008918,0.0,0.0,-134.846451,-134.846451,2,283.688253,0.0,0.0,18.0,0,0.0,0,365453.949054,19.693471,1,9428.649898,0.0,0,1660.283899,2,0.0,1,0,613.252808,0.221094,264,-105.029134,112.937402,1,3,0,0,1,1,1,1,0,0,1,124.527822,34.629993,13.437599,214.0,36.0,14.0,71.970898,27.726958,13.239546,-153.788168,0.0,153.788168,0.0,0.000367,0
﻿2,BP_VehicleAI250,9650.971078,25,BP_SpawnPoint48,COLLISION_WITH_BP_IntersectionBorder263,1435.8441,3105.130984,11696.435911,7.709014,0.0,11704.144925,0.0,0.0,725.0,725.0,true,8.663506,1.058269,3.248065,0.535123,0.0,18.0,0.0,0.0,0.0,0.669353,0.0,0.0,0.0,0.0,-46.741433,-46.741433,20,335.136015,0.0,0.0,18.0,1,0.005376,0,365453.949054,23.246084,0,11759.867854,0.0,0,2511.716778,2,0.0,1,0,918.94928,1.0,300,-50.777835,95.62929,1,2,0,0,1,1,1,0,0,1,0,92.504784,68.685428,0.0,223.0,77.0,0.0,41.528742,54.100548,0.0,0.0,0.0,0.0,0.0,0.000104,0
﻿2,BP_VehicleAI251,8694.765954,25,BP_SpawnPoint49,STOP_VIOLATION,0.0,1394.111081,8918.881413,5.978244,31.463539,8924.859657,0.0,0.0,737.0,737.0,true,6.831629,1.836462,6.478871,1.435749,0.398865,215.0,55.443704,0.000003,0.0,1.208508,1.413427,0.0,0.0,5.0,115.405036,115.405036,21,229.816262,0.0,188.0,27.0,2,0.005483,0,365453.949054,43.629991,2,8759.37551,0.0,0,1232.836303,1,0.0,0,0,0.0,0.0,0,0.0,0.0,0,0,0,0,0,0,0,0,0,0,0,0.0,0.0,0.0,0.0,0.0,0.0,0.0,0.0,0.0,0.0,0.0,0.0,0.0,0.000257,0
﻿2,BP_VehicleAI240,15286.957154,31,BP_SpawnPoint34,STOP_VIOLATION,0.12733,816.133847,14376.490921,9.556346,0.0,14386.047267,49.606454,0.0,920.0,944.0,true,8.50199,1.889896,5.241179,1.417428,0.005392,196.0,297.107276,0.0,0.0,2.780045,1.091547,0.0,0.0,4.6,200.274986,200.274986,10,365.875235,0.0,180.0,16.0,2,0.008066,0,203803.708155,181.288836,2,15298.267403,0.0,0,2247.954446,2,0.0,0,0,0.0,0.0,0,0.0,0.0,0,0,0,0,0,0,0,0,0,0,0,0.0,0.0,0.0,0.0,0.0,0.0,0.0,0.0,0.0,0.0,0.0,0.0,0.0,0.000772,1
﻿2,BP_VehicleAI238,9207.787464,35,BP_SpawnPoint37,STOP_VIOLATION,1.856801,2158.886708,11169.641399,7.003714,0.0,11176.645113,41.029445,0.0,1066.0,1088.0,true,9.705737,1.808191,5.267026,0.990409,0.647081,223.0,285.105297,0.0,0.0,1.259143,0.0,0.0,0.0,5.5,108.13192,108.13192,8,381.071603,0.0,213.0,10.0,0,0.0,0,203803.708155,63.658505,1,9231.326469,0.0,0,582.938304,1,0.0,0,0,0.0,0.0,0,0.0,0.0,0,0,0,0,0,0,0,0,0,0,0,0.0,0.0,0.0,0.0,0.0,0.0,0.0,0.0,0.0,0.0,0.0,0.0,0.0,0.000053,1
﻿2,BP_VehicleAI244,15653.085054,36,BP_SpawnPoint12,STOP_VIOLATION,637.94611,2435.286274,18891.589828,11.997553,0.0,18903.587381,0.0,0.0,1127.0,1127.0,true,10.655087,3.091459,3.586004,2.469256,0.223316,164.0,603.775841,0.000024,0.0,9.547319,0.0,0.0,0.0,3.6,-29.967516,-29.967516,14,482.566422,0.0,144.0,20.0,1,-0.038583,0,365453.949054,548.413064,1,17456.365211,0.0,0,984.47055,2,0.0,1,0,141.236267,1.0,255,7.739002,84.89106,0,1,0,1,0,1,0,0,0,0,0,121.352157,0.0,0.0,255.0,0.0,0.0,84.89106,0.0,0.0,0.0,0.0,0.0,0.0,0.004244,1
﻿2,BP_VehicleAI237,18520.649405,36,BP_SpawnPoint38,STOP_VIOLATION,0.0,1637.032792,14082.140087,9.761792,0.0,14091.901879,23.68715,0.0,1149.0,1153.0,true,9.578036,3.094793,4.123506,2.579081,0.0,287.0,285.276366,0.000006,0.0,1.572026,1.553322,0.0,0.0,3.9,82.373676,82.373676,7,503.976975,0.0,275.0,12.0,2,0.044816,0,203803.708155,112.727271,2,18557.355081,6000.0,1,1224.827397,1,735.783183,0,0,0.0,0.0,0,0.0,0.0,0,0,0,0,0,0,0,0,0,0,0,0.0,0.0,0.0,0.0,0.0,0.0,0.0,0.0,0.0,0.0,0.0,0.0,0.0,0.001078,0
﻿2,BP_VehicleAI258,18583.18373,41,BP_SpawnPoint29,STOP_VIOLATION,0.0,991.361756,20758.663524,14.190595,0.0,20772.854119,37.7042,0.0,1370.0,1392.0,true,11.058576,3.835834,5.782494,3.127106,0.0,194.0,602.682779,0.000244,0.0,6.877266,0.0,0.0,0.0,3.8,400.832711,400.832711,28,613.718549,0.0,185.0,9.0,1,-0.026339,0,203803.708155,356.925136,1,19392.633226,0.0,0,1270.270042,1,1464.387723,1,0,909.638062,1.0,299,66.817815,60.772633,0,1,1,0,0,1,0,0,0,0,0,149.379534,0.0,0.0,299.0,0.0,0.0,60.772633,0.0,0.0,0.0,0.0,0.0,0.0,0.001326,0
﻿2,BP_VehicleAI233,21924.362201,42,BP_SpawnPoint11,STOP_VIOLATION,24.806548,2044.839534,22898.593942,15.544319,0.0,22914.13826,0.0,0.0,1424.0,1424.0,true,11.695317,4.363021,3.878439,3.618876,0.0,200.0,642.25043,0.00018,0.0,7.877591,0.0,0.0,0.0,3.7,12.931464,12.931464,3,586.868753,0.0,180.0,20.0,1,-0.009758,0,203803.708155,445.739514,1,22909.747559,0.0,0,2175.739654,2,0.0,1,0,934.2229,1.0,250,22.390339,57.616833,0,1,0,1,0,1,0,0,0,0,0,130.067039,0.0,0.0,250.0,0.0,0.0,57.616833,0.0,0.0,0.0,0.0,0.0,0.0,0.001915,1
﻿2,BP_VehicleAI245,23469.860554,48,BP_SpawnPoint28,STOP_VIOLATION,0.0,1009.904943,25488.532877,17.585865,0.0,25506.118742,55.649807,0.0,1687.0,1718.0,true,12.499962,4.860448,6.827415,4.079641,0.0,201.0,561.723163,0.000324,0.0,6.575843,0.649216,0.499993,0.0,3.8,411.676208,411.676208,15,673.447195,0.0,188.0,13.0,2,0.031716,0,365453.949054,345.695908,2,24220.065875,0.0,0,1252.46799,1,1309.17487,1,0,903.629211,1.0,338,68.010574,76.075428,0,1,1,0,0,1,0,0,0,0,0,174.619439,0.0,0.0,338.0,0.0,0.0,76.075428,0.0,0.0,0.0,0.0,0.0,0.0,0.001321,1
﻿2,BP_VehicleAI234,30884.237857,50,BP_SpawnPoint35,COLLISION_WITH_BP_IntersectionBorder269,1613.705147,3547.169687,22458.641514,16.500964,0.0,22475.142477,209.03565,0.0,1796.0,1823.0,true,15.69665,3.112669,7.015952,2.549429,0.01485,349.0,456.516015,0.000028,0.0,4.579379,3.213166,1.058776,0.0,0.0,-104.867293,-104.867293,4,746.15671,0.0,326.0,23.0,0,0.0,0,203803.708155,234.689877,4,33273.040121,12000.0,2,2474.797301,2,0.0,1,0,932.413391,1.0,378,-137.000853,151.014982,1,3,0,0,1,1,1,1,0,0,1,156.388226,51.07961,31.958768,287.0,55.0,36.0,80.206101,35.26822,35.540661,0.0,0.0,0.0,0.0,0.006137,0
﻿2,BP_VehicleAI253,32438.177978,59,BP_SpawnPoint42,STOP_VIOLATION,0.0,2528.724602,29025.02887,22.262225,129.30164,29047.291095,0.0,285.243269,2338.0,2338.0,true,15.057329,9.138846,6.3933,8.258867,0.0,477.0,497.919792,0.000411,0.0,2.602272,2.769439,0.566999,0.0,3.6,569.691509,569.691509,23,933.302377,121.0,342.0,14.0,1,-0.028753,0,365453.949054,174.351462,4,32660.939543,6000.0,1,874.659683,1,124.230102,0,0,0.0,0.0,0,0.0,0.0,0,0,0,0,0,0,0,0,0,0,0,0.0,0.0,0.0,0.0,0.0,0.0,0.0,0.0,0.0,0.0,0.0,0.0,0.0,0.00253,0
﻿2,BP_VehicleAI256,38210.850006,62,BP_SpawnPoint41,STOP_VIOLATION,0.0,2286.030402,38585.357326,29.952588,0.0,38615.309913,0.0,0.0,2468.0,2468.0,true,15.100154,5.148841,6.718884,4.375448,0.0,248.0,572.809669,0.000276,0.0,6.978341,0.0,0.0,0.0,3.8,285.269006,285.269006,26,742.604471,0.0,222.0,26.0,1,-0.043463,0,203803.708155,382.877664,1,39014.297507,0.0,0,2844.238049,3,0.0,0,0,0.0,0.0,0,0.0,0.0,0,0,0,0,0,0,0,0,0,0,0,0.0,0.0,0.0,0.0,0.0,0.0,0.0,0.0,0.0,0.0,0.0,0.0,0.0,0.001604,0
﻿2,BP_VehicleAI241,38363.46654,67,BP_SpawnPoint57,STOP_VIOLATION,0.000001,2349.184105,37555.801997,28.348037,0.0,37584.150034,32.574623,0.0,2748.0,2776.0,true,16.809602,3.1144,11.454943,1.787946,0.020489,343.0,301.584058,0.0,0.0,2.74792,0.0,0.0,0.0,4.5,542.084414,542.084414,11,1002.921755,0.0,304.0,39.0,2,-0.001198,0,203803.708155,214.449214,1,38378.978232,0.0,0,3679.857404,3,0.0,1,0,898.765564,1.0,283,12.111478,63.137437,0,2,0,1,0,1,1,0,0,0,0,77.915153,65.354627,0.0,189.0,94.0,0.0,40.147081,22.990355,0.0,0.0,0.0,0.0,0.0,0.000977,0
﻿2,BP_VehicleAI257,35072.250391,69,BP_SpawnPoint10,COLLISION_WITH_BP_IntersectionBorder270,1579.319052,4584.505705,26026.767892,18.041435,520.371846,26044.809327,26.51684,0.0,2945.0,2962.0,true,20.005137,7.274615,9.91632,6.330212,0.007121,677.0,452.529806,0.000048,0.0,4.344678,4.661149,0.746121,0.0,0.0,-29.081813,-29.081813,27,1249.843498,0.0,529.0,148.0,1,0.000804,0,203803.708155,192.381088,4,37401.144468,12000.0,2,3346.672188,3,0.0,1,0,925.558411,1.0,470,-168.714111,183.859558,1,3,0,0,1,1,1,1,0,0,1,196.055453,61.639852,39.645621,360.0,67.0,43.0,99.51973,42.191944,42.147884,0.0,0.0,0.0,0.0,0.005753,1
﻿2,BP_VehicleAI249,18050.395388,72,BP_SpawnPoint47,STOP_VIOLATION,0.0,1974.937344,19199.445389,13.392262,167.615569,19212.837651,24.291883,15.620381,3121.0,3148.0,true,10.802393,6.550384,9.182392,5.840919,0.326103,1361.0,307.554365,0.000085,0.0,1.993872,0.919758,0.0,0.0,5.0,1094.618039,1094.618039,19,1755.465071,990.0,354.0,17.0,1,0.016979,0,365453.949054,141.511804,1,18061.840793,0.0,0,1135.852334,1,0.0,0,0,0.0,0.0,0,0.0,0.0,0,0,0,0,0,0,0,0,0,0,0,0.0,0.0,0.0,0.0,0.0,0.0,0.0,0.0,0.0,0.0,0.0,0.0,0.0,0.000432,0
﻿2,BP_VehicleAI246,35304.397077,74,BP_SpawnPoint33,STOP_VIOLATION,0.0,3094.54268,34110.983951,23.695976,13.664951,34134.679927,76.698678,0.0,3241.0,3286.0,true,19.305805,4.940635,10.235725,3.599468,0.0,380.0,205.195202,0.000191,0.0,1.895402,3.022255,0.177367,0.0,3.9,816.539156,816.539156,16,1324.963973,0.0,292.0,88.0,1,0.042712,0,365453.949054,122.7117,5,35347.171093,0.0,0,4657.096955,4,0.0,0,0,0.0,0.0,0,0.0,0.0,0,0,0,0,0,0,0,0,0,0,0,0.0,0.0,0.0,0.0,0.0,0.0,0.0,0.0,0.0,0.0,0.0,0.0,0.0,0.000903,0
﻿2,BP_VehicleAI236,59664.718818,90,BP_SpawnPoint2,STOP_VIOLATION,0.0,3412.469934,54050.76202,41.940916,54.745916,54092.702936,0.0,0.0,4593.0,4593.0,true,22.074362,8.529296,12.330534,6.972479,0.0,482.0,613.878272,0.000479,0.0,7.15784,2.408335,0.679351,0.0,3.8,700.535187,700.535187,6,1476.703882,0.0,442.0,40.0,1,-0.005998,0,203803.708155,429.998917,3,60461.196222,6000.0,1,3980.777299,3,0.0,0,0,0.0,0.0,0,0.0,0.0,0,0,0,0,0,0,0,0,0,0,0,0.0,0.0,0.0,0.0,0.0,0.0,0.0,0.0,0.0,0.0,0.0,0.0,0.0,0.00189,1
﻿2,BP_VehicleAI255,63941.348057,102,BP_SpawnPoint,STOP_VIOLATION,0.0,3931.256838,58830.469375,44.636177,54.401064,58875.105551,0.0,0.0,5695.0,5695.0,true,24.014731,7.325629,13.403207,5.752758,0.0,548.0,621.533026,0.000527,0.0,7.189215,1.314522,0.65982,0.0,3.8,794.976843,794.976843,25,1672.558118,0.0,500.0,48.0,0,0.0,0,203803.708155,412.534927,2,64723.038243,6000.0,1,3984.357689,3,0.0,0,0,0.0,0.0,0,0.0,0.0,0,0,0,0,0,0,0,0,0,0,0,0.0,0.0,0.0,0.0,0.0,0.0,0.0,0.0,0.0,0.0,0.0,0.0,0.0,0.001714,1
﻿2,BP_VehicleAI231,69253.024873,106,BP_SpawnPoint44,STOP_VIOLATION,0.0,3558.356302,54443.40875,40.369284,145.433393,54483.778033,0.0,0.0,6095.0,6095.0,true,27.356111,11.278112,9.890225,9.152554,0.0,946.0,468.935084,0.000907,0.0,5.964642,3.904042,0.484127,0.0,3.9,1520.828828,1520.828828,1,2406.157753,0.0,823.0,123.0,0,0.0,0,203803.708155,345.985733,4,69653.810316,12000.0,2,2974.17311,3,1424.907908,1,2,2216.09668,2.948015,1512,356.040693,324.999105,0,1,3,0,0,3,0,0,0,0,0,705.507085,0.0,0.0,1512.0,0.0,0.0,324.999105,0.0,0.0,5453.79254,5453.79254,0.0,0.0,0.001627,1
﻿2,BP_VehicleAI248,62726.789383,120,BP_SpawnPoint52,STOP_VIOLATION,0.0,4445.086373,63775.401825,48.817767,114.085093,63824.219593,98.699644,0.0,7417.0,7508.0,true,28.207651,6.652848,18.119982,4.294016,0.0,549.0,209.06829,0.000162,0.0,2.98564,0.967225,0.0,0.0,3.9,1361.923359,1361.923359,18,2648.173137,0.0,418.0,131.0,2,0.00726,0,365453.949054,126.138674,2,62771.043,0.0,0,5024.503433,4,1354.03814,1,0,911.877808,1.0,786,47.597195,163.586819,0,2,0,1,0,1,1,0,0,0,0,209.869933,195.925418,0.0,516.0,270.0,0.0,104.314997,59.271823,0.0,0.0,0.0,0.0,0.0,0.001813,0
﻿2,BP_VehicleAI235,129499.470538,213,BP_SpawnPoint43,STOP_VIOLATION,0.0,9282.41886,119746.824333,93.221559,95.938863,119840.045892,47.923857,0.0,13475.0,13502.0,true,51.721544,10.481997,24.018575,6.867412,0.0,682.0,274.165372,0.00059,0.0,4.005579,4.057289,0.108822,0.0,3.9,1914.729924,1914.729924,5,4652.715711,0.0,376.0,306.0,1,-0.029675,0,203803.708155,290.012987,5,129542.681285,6000.0,1,14277.542963,11,815.528096,1,0,274.612671,1.0,487,71.925494,137.884722,0,2,0,1,0,1,1,0,0,0,0,92.853446,122.195295,0.0,287.0,200.0,0.0,86.512511,51.372211,0.0,0.0,0.0,0.0,0.0,0.001838,0
﻿2,BP_VehicleAI261,143450.046838,232,BP_SpawnPoint40,STOP_VIOLATION,0.0,11607.876621,122051.976011,93.942349,348.721352,122145.91836,31.471403,0.0,14791.0,14828.0,true,56.84606,16.734303,33.746851,12.74932,0.014186,1658.0,534.766206,0.00073,0.0,4.482142,6.692851,0.0,0.0,4.5,3306.707047,3306.707047,31,5790.958598,0.0,1389.0,269.0,0,0.0,0,203803.708155,424.118549,6,143464.911768,24000.0,4,9558.124959,9,0.0,0,0,0.0,0.0,0,0.0,0.0,0,0,0,0,0,0,0,0,0,0,0,0.0,0.0,0.0,0.0,0.0,0.0,0.0,0.0,0.0,0.0,0.0,0.0,0.0,0.002181,0
﻿3,BP_VehicleAI276,734.535658,5,BP_SpawnPoint5,COLLISION_WITH_BP_IntersectionBorder117,667.612521,711.616699,1449.571333,0.789049,0.0,1450.360382,0.0,0.0,147.0,147.0,true,2.969576,0.341708,0.307624,0.299209,0.0,9.0,0.0,0.0,0.0,0.354364,0.0,0.0,0.0,0.0,23.720079,23.720079,15,86.56504,0.0,0.0,9.0,0,0.0,0,365453.949054,4.946162,0,1742.286343,0.0,0,668.705128,1,0.0,0,0,0.0,0.0,0,0.0,0.0,0,0,0,0,0,0,0,0,0,0,0,0.0,0.0,0.0,0.0,0.0,0.0,0.0,0.0,0.0,0.0,0.0,0.0,0.0,0.000106,1
﻿3,BP_VehicleAI273,4068.926599,10,BP_SpawnPoint37,COLLISION_WITH_NavModifierVolume33,331.959208,711.905991,5109.284204,3.507594,0.0,5112.791798,0.0,0.0,269.0,269.0,true,3.258161,0.260135,1.860674,0.0,0.0,0.0,0.0,0.0,0.0,0.0,0.0,0.0,0.0,0.0,-22.963244,-22.963244,12,83.896019,0.0,0.0,0.0,0,0.0,0,203803.708155,0.0,0,4806.305997,0.0,0,0.0,0,0.0,0,0,0.0,0.0,0,0.0,0.0,0,0,0,0,0,0,0,0,0,0,0,0.0,0.0,0.0,0.0,0.0,0.0,0.0,0.0,0.0,0.0,0.0,0.0,0.0,0.0,1
﻿3,BP_VehicleAI277,3843.993211,10,BP_SpawnPoint,COLLISION_WITH_NavModifierVolume32,48.418472,709.114024,4598.285628,3.240078,0.0,4601.525706,0.0,0.0,278.0,278.0,true,3.24552,0.621603,1.882103,0.0,0.0,0.0,0.0,0.0,0.0,0.0,0.0,0.0,0.0,0.0,32.239698,32.239698,16,108.762716,0.0,0.0,0.0,1,-0.046985,0,365453.949054,0.0,0,4340.448359,0.0,0,0.0,0,0.0,0,0,0.0,0.0,0,0.0,0.0,0,0,0,0,0,0,0,0,0,0,0,0.0,0.0,0.0,0.0,0.0,0.0,0.0,0.0,0.0,0.0,0.0,0.0,0.0,0.0,1
﻿3,BP_VehicleAI291,7111.306448,10,BP_SpawnPoint31,COLLISION_WITH_NavModifierVolume32,21.097404,229.633967,5997.096008,4.460648,0.0,6001.556656,0.0,0.0,279.0,279.0,true,3.330355,0.767159,0.185823,0.281848,0.0,8.0,0.0,0.0,0.0,0.206581,0.518005,0.003045,0.0,0.0,-23.82158,-23.82158,30,97.29813,0.0,0.0,8.0,1,0.022835,0,203803.708155,14.502341,1,7305.296143,0.0,0,1375.190089,1,0.0,0,0,0.0,0.0,0,0.0,0.0,0,0,0,0,0,0,0,0,0,0,0,0.0,0.0,0.0,0.0,0.0,0.0,0.0,0.0,0.0,0.0,0.0,0.0,0.0,0.000003,1
﻿3,BP_VehicleAI269,4340.16471,16,BP_SpawnPoint7,STOP_VIOLATION,0.0,735.731407,4913.145359,3.266861,62.204522,4916.41222,0.0,0.0,454.0,454.0,true,4.025634,3.46805,2.808586,3.228173,0.0,163.0,44.871707,0.000008,0.0,0.02158,0.0,0.0,0.0,4.5,198.303109,198.303109,8,266.015554,0.0,155.0,8.0,1,0.399533,1,203803.708155,30.400041,1,4340.166929,0.0,0,172.572892,1,0.0,0,0,0.0,0.0,0,0.0,0.0,0,0,0,0,0,0,0,0,0,0,0,0.0,0.0,0.0,0.0,0.0,0.0,0.0,0.0,0.0,0.0,0.0,0.0,0.0,0.000182,0
﻿3,BP_VehicleAI268,6837.759638,17,BP_SpawnPoint46,COLLISION_WITH_NavModifierVolume33,184.305948,1121.981366,8138.631893,5.41506,0.0,8144.046952,0.0,0.0,499.0,499.0,true,5.079371,0.576416,4.214378,0.0,0.0,0.0,0.0,0.0,0.0,0.0,0.0,0.0,0.0,0.0,-103.902,-103.902,7,180.091889,0.0,0.0,0.0,1,-0.008232,0,203803.708155,0.0,0,7022.065586,0.0,0,0.0,0,0.0,0,0,0.0,0.0,0,0.0,0.0,0,0,0,0,0,0,0,0,0,0,0,0.0,0.0,0.0,0.0,0.0,0.0,0.0,0.0,0.0,0.0,0.0,0.0,0.0,0.0,1
﻿3,BP_VehicleAI285,8314.085687,18,BP_SpawnPoint28,STOP_VIOLATION,0.0,905.937036,10148.608873,7.145074,0.0,10155.753948,0.0,0.0,506.0,506.0,true,5.424584,3.411935,2.022652,3.251114,0.0,137.0,587.069732,0.000012,0.0,6.863492,0.0,0.0,0.0,3.7,175.598551,175.598551,24,239.350874,0.0,137.0,0.0,2,0.018462,0,365453.949054,341.796918,1,9121.379744,0.0,0,0.0,0,0.0,0,0,0.0,0.0,0,0.0,0.0,0,0,0,0,0,0,0,0,0,0,0,0.0,0.0,0.0,0.0,0.0,0.0,0.0,0.0,0.0,0.0,0.0,0.0,0.0,0.001072,0
﻿3,BP_VehicleAI266,11635.145596,20,BP_SpawnPoint59,COLLISION_WITH_BP_IntersectionBorder243,88.100572,751.529687,11194.183462,8.760443,7.94343,11202.943906,0.0,0.0,570.0,570.0,true,5.942075,1.491646,2.974668,1.046056,0.0,33.0,0.0,0.000012,0.0,0.447055,0.829967,0.039783,0.0,0.0,3.80611,3.80611,5,228.158096,0.0,0.0,33.0,0,0.0,0,203803.708155,33.954431,1,12143.674193,0.0,0,1298.290161,1,0.0,1,0,946.477234,1.0,315,-17.095377,49.257975,1,2,0,0,1,1,1,0,0,1,0,125.634579,46.956902,0.0,258.0,57.0,0.0,44.587876,4.6701,0.0,0.0,0.0,0.0,0.0,0.000143,2
﻿3,BP_VehicleAI262,9774.039985,22,BP_SpawnPoint35,STOP_VIOLATION,1.21757,596.535167,9997.083123,7.096724,0.0,10004.179847,187.465363,0.0,627.0,649.0,true,6.772297,1.725374,3.896181,1.480103,0.120442,175.0,359.63668,0.0,0.0,2.914642,0.220827,0.208688,0.0,4.5,171.975553,171.975553,1,278.230074,0.0,163.0,12.0,0,0.0,0,203803.708155,237.373594,2,9794.438043,0.0,0,1155.004394,1,0.0,0,0,0.0,0.0,0,0.0,0.0,0,0,0,0,0,0,0,0,0,0,0,0.0,0.0,0.0,0.0,0.0,0.0,0.0,0.0,0.0,0.0,0.0,0.0,0.0,0.001239,0
﻿3,BP_VehicleAI292,6272.128057,23,BP_SpawnPoint29,COLLISION_WITH_BP_IntersectionBorder227,1487.090703,1323.388254,9069.192904,5.44855,0.0,9074.641454,0.0,0.0,684.0,684.0,true,7.622908,0.677999,3.835705,0.294099,0.0,10.0,0.0,0.0,0.0,0.123405,0.0,0.0,0.0,0.0,58.40719,58.40719,31,343.354164,0.0,0.0,10.0,0,0.0,0,203803.708155,11.831254,0,8310.963028,0.0,0,1275.359156,1,1255.438876,1,0,911.885498,1.0,282,-60.623358,98.667728,1,3,0,1,0,1,1,1,0,0,1,90.724137,36.09962,29.40655,209.0,43.0,30.0,42.719691,28.062977,27.88506,0.0,0.0,0.0,0.0,0.00006,0
﻿3,BP_VehicleAI265,15218.602386,29,BP_SpawnPoint34,STOP_VIOLATION,0.128947,822.236022,14195.185867,9.703517,0.0,14204.889384,23.592537,0.0,902.0,917.0,true,8.612999,1.942378,5.141847,1.542591,0.020695,195.0,310.545373,0.0,0.0,2.422909,0.0,0.0,0.0,4.5,196.756056,196.756056,4,367.900628,0.0,176.0,19.0,2,0.043355,0,203803.708155,203.718483,1,15235.648257,0.0,0,2376.358203,2,0.0,0,0,0.0,0.0,0,0.0,0.0,0,0,0,0,0,0,0,0,0,0,0,0.0,0.0,0.0,0.0,0.0,0.0,0.0,0.0,0.0,0.0,0.0,0.0,0.0,0.00093,1
﻿3,BP_VehicleAI288,15207.114822,36,BP_SpawnPoint10,STOP_VIOLATION,0.681497,1497.816959,14888.81075,9.88542,68.910648,14898.69617,26.134799,0.0,1160.0,1178.0,true,10.781563,4.09638,5.182002,3.571251,0.065301,259.0,318.70114,0.000015,0.0,2.935284,0.759761,0.013071,0.0,4.5,319.557366,319.557366,27,537.464536,0.0,176.0,83.0,1,-0.020809,0,203803.708155,233.34844,2,15226.682263,0.0,0,2319.127326,2,0.0,0,0,0.0,0.0,0,0.0,0.0,0,0,0,0,0,0,0,0,0,0,0,0.0,0.0,0.0,0.0,0.0,0.0,0.0,0.0,0.0,0.0,0.0,0.0,0.0,0.001188,1
﻿3,BP_VehicleAI287,2985.580121,36,BP_SpawnPoint40,COLLISION_WITH_NavModifierVolume36,153.178826,1258.656427,3660.390114,1.939257,94.621206,3662.32937,0.0,96.725969,1183.0,1183.0,true,6.884095,10.881128,1.537196,10.404716,0.0,710.0,11.751572,0.000008,0.0,0.977842,2.116679,0.0,0.0,0.0,774.103704,774.103704,26,952.818801,611.0,0.0,99.0,2,0.010173,0,203803.708155,19.024148,2,3587.740193,0.0,0,768.944375,2,0.0,0,0,0.0,0.0,0,0.0,0.0,0,0,0,0,0,0,0,0,0,0,0,0.0,0.0,0.0,0.0,0.0,0.0,0.0,0.0,0.0,0.0,0.0,0.0,0.0,0.000038,1
﻿3,BP_VehicleAI286,15777.060654,37,BP_SpawnPoint12,STOP_VIOLATION,148.126731,2084.530229,18164.945415,11.834441,0.0,18176.779856,0.0,0.0,1233.0,1233.0,true,10.469153,4.337721,3.648057,3.664359,0.012387,176.0,616.931094,0.000136,0.0,8.182281,1.112188,0.041303,0.0,3.7,-30.462531,-30.462531,25,521.512061,0.0,155.0,21.0,0,0.0,0,203803.708155,446.011562,2,16908.024147,0.0,0,904.06465,2,0.0,1,0,45.750305,0.462597,276,7.420517,90.944653,0,1,0,1,0,1,0,0,0,0,0,135.311556,0.0,0.0,276.0,0.0,0.0,90.944653,0.0,0.0,0.0,0.0,0.0,0.0,0.00182,0
﻿3,BP_VehicleAI289,19780.510708,41,BP_SpawnPoint56,STOP_VIOLATION,0.0,2159.392746,21436.227324,15.071437,0.0,21451.298761,55.218057,0.0,1383.0,1410.0,true,11.864709,5.309526,4.609371,4.65241,0.0,204.0,600.014792,0.000234,0.0,6.305508,0.0,0.0,0.0,3.8,104.870383,104.870383,28,571.569658,0.0,185.0,19.0,1,-0.018993,0,203803.708155,374.538743,1,20592.896514,0.0,0,1665.410387,2,0.0,1,0,592.889771,0.217754,324,-59.71255,100.995741,0,2,0,0,1,1,1,0,0,0,0,121.244682,68.883083,0.0,210.0,114.0,0.0,71.017012,29.978729,0.0,-140.72655,0.0,140.72655,0.0,0.001809,1
﻿3,BP_VehicleAI272,24860.783021,42,BP_SpawnPoint44,STOP_VIOLATION,47.053022,2052.815078,21798.675041,15.84931,107.58843,21814.524351,0.0,0.0,1450.0,1450.0,true,11.848994,6.674253,3.635052,5.916103,0.0,322.0,689.116965,0.000176,0.0,6.919765,1.888679,0.0,0.0,3.7,493.588779,493.588779,11,667.5499,0.0,313.0,9.0,3,0.012106,0,203803.708155,470.144318,2,25874.197622,6000.0,1,204.721804,1,0.0,1,0,326.188568,1.0,273,52.66787,88.777016,0,1,1,0,0,1,0,0,0,0,0,114.244076,0.0,0.0,273.0,0.0,0.0,88.777016,0.0,0.0,0.0,0.0,0.0,0.0,0.002239,0
﻿3,BP_VehicleAI279,23417.36049,47,BP_SpawnPoint58,COLLISION_WITH_NavModifierVolume40,1078.478745,4050.560367,20745.773945,13.582676,0.0,20759.356621,0.0,0.0,1690.0,1690.0,true,14.415544,2.518201,5.207298,1.464638,0.294129,206.0,139.083041,0.000028,0.0,2.438784,1.828815,0.0,0.0,0.0,-10.983218,-10.983218,18,656.851944,0.0,185.0,21.0,1,0.030667,0,365453.949054,105.305988,2,24849.936928,6000.0,1,2033.871005,2,0.0,1,0,868.339478,1.0,358,3.55526,91.69167,0,2,0,0,1,1,1,0,0,0,0,85.084155,105.042695,0.0,208.0,150.0,0.0,41.516799,50.17487,0.0,0.0,0.0,0.0,0.0,0.000183,0
﻿3,BP_VehicleAI271,18244.930804,50,BP_SpawnPoint47,STOP_VIOLATION,0.146368,1752.561827,19397.465296,12.836045,14.628574,19410.301341,17.406523,20.09355,1801.0,1817.0,true,10.476982,3.966998,10.049973,3.3201,0.214427,485.0,292.058458,0.000012,0.0,1.430972,1.285871,0.0,0.0,5.0,304.253057,304.253057,10,774.199856,213.0,260.0,12.0,3,-0.018452,0,203803.708155,118.950049,1,18252.166129,0.0,0,1022.648994,1,0.0,0,0,0.0,0.0,0,0.0,0.0,0,0,0,0,0,0,0,0,0,0,0,0.0,0.0,0.0,0.0,0.0,0.0,0.0,0.0,0.0,0.0,0.0,0.0,0.0,0.000344,0
﻿3,BP_VehicleAI263,35026.119012,59,BP_SpawnPoint45,COLLISION_WITH_BP_IntersectionBorder227,1519.876481,2941.776556,29420.883957,20.970338,19.392095,29441.854295,0.0,0.0,2313.0,2313.0,true,16.136243,2.244902,10.521006,1.163274,0.313289,162.0,56.326563,0.000002,0.0,0.674115,0.789047,0.619729,0.0,0.0,288.244434,288.244434,2,847.661945,0.0,137.0,25.0,0,0.0,0,365453.949054,37.706195,2,37134.938867,6000.0,1,2733.574334,2,1341.57922,1,1,1885.708862,1.95328,706,-28.039623,216.290911,1,3,1,1,0,2,1,1,0,0,1,248.65905,52.491201,45.960514,597.0,62.0,47.0,132.544453,40.462435,43.284024,2729.237496,2729.744385,0.506889,0.0,0.000075,0
﻿3,BP_VehicleAI284,40572.503727,69,BP_SpawnPoint2,STOP_VIOLATION,0.0,3698.947355,35883.104521,27.370751,41.806661,35910.475272,0.0,0.0,2841.0,2841.0,true,17.448147,5.751348,7.750299,4.701984,0.0,395.0,387.201972,0.000259,0.0,0.967397,2.698502,0.0,0.0,3.7,49.120501,49.120501,23,987.314546,0.0,357.0,38.0,2,0.009507,0,365453.949054,158.46752,3,40710.365707,6000.0,1,2865.807691,3,0.0,0,0,0.0,0.0,0,0.0,0.0,0,0,0,0,0,0,0,0,0,0,0,0.0,0.0,0.0,0.0,0.0,0.0,0.0,0.0,0.0,0.0,0.0,0.0,0.0,0.001396,0
﻿3,BP_VehicleAI290,42697.031311,81,BP_SpawnPoint43,COLLISION_WITH_BP_IntersectionBorder227,1502.563755,3019.704876,44429.875845,33.167857,0.0,44463.043701,0.0,0.0,3554.0,3554.0,true,19.652788,2.298155,12.319321,1.223585,0.0,50.0,0.0,0.0,0.0,1.791676,1.111261,0.0,0.0,0.0,447.847708,447.847708,29,1084.742142,0.0,0.0,50.0,2,0.014589,0,203803.708155,55.309332,2,44759.473859,0.0,0,3532.514264,3,1315.900185,1,1,956.462402,1.298214,898,-31.460818,285.607495,1,3,1,1,0,2,1,1,0,0,1,263.202056,61.016341,48.192699,775.0,74.0,49.0,191.473575,48.000069,46.13385,596.743487,596.743487,0.0,0.0,0.000318,0
﻿3,BP_VehicleAI270,48560.702104,84,BP_SpawnPoint38,COLLISION_WITH_BP_IntersectionBorder269,1474.811824,5381.085083,34364.364126,24.314803,88.843996,34388.678929,22.812079,0.0,3661.0,3683.0,true,23.162523,8.080041,10.014282,6.940849,0.114567,825.0,551.778748,0.000135,0.0,4.375326,3.450151,1.551968,0.0,0.0,-84.17972,-84.17972,9,1538.667974,0.0,650.0,175.0,0,0.0,0,203803.708155,216.581223,4,50905.03351,18000.0,3,3734.630045,3,0.0,1,0,927.210754,1.0,451,-174.767606,183.700015,1,3,0,0,1,1,1,1,0,0,1,175.261939,60.803941,57.253778,326.0,64.0,61.0,89.93387,37.553529,56.212617,0.0,0.0,0.0,0.0,0.006448,0
﻿3,BP_VehicleAI282,56728.242541,97,BP_SpawnPoint33,STOP_VIOLATION,90.703841,4938.326961,46926.576955,32.806035,0.0,46959.38299,38.44325,0.0,4560.0,4582.0,true,26.154206,7.871793,12.501065,6.278083,0.070133,737.0,1082.176506,0.000409,0.0,12.942674,3.361385,1.268049,0.0,3.7,95.39554,95.39554,21,1834.802646,0.0,678.0,59.0,0,0.0,0,365453.949054,700.802872,4,57791.100346,12000.0,2,4632.265028,4,0.0,1,0,926.692932,1.0,466,34.127162,106.457586,0,1,0,1,0,1,0,0,0,0,0,248.309229,0.0,0.0,466.0,0.0,0.0,106.457586,0.0,0.0,0.0,0.0,0.0,0.0,0.008965,0
﻿3,BP_VehicleAI264,41015.39015,100,BP_SpawnPoint42,STOP_VIOLATION,0.0,3212.289779,35802.123806,26.960701,372.704189,35829.084507,0.0,68.391891,4743.0,4743.0,true,18.042454,9.685318,23.98769,8.448881,0.303865,1615.0,135.662021,0.000316,0.0,1.150471,2.483291,0.0,0.0,4.4,1908.17283,1908.17283,3,2462.864635,1035.0,544.0,36.0,1,-0.042318,0,203803.708155,97.474837,3,41015.390349,6000.0,1,2328.571113,2,0.0,0,0,0.0,0.0,0,0.0,0.0,0,0,0,0,0,0,0,0,0,0,0,0.0,0.0,0.0,0.0,0.0,0.0,0.0,0.0,0.0,0.0,0.0,0.0,0.0,0.000344,1
﻿3,BP_VehicleAI274,59975.800947,108,BP_SpawnPoint49,STOP_VIOLATION,0.0,4152.420614,57285.376162,42.223281,44.365814,57327.599443,38.343755,0.0,5330.0,5372.0,true,27.47686,6.3282,13.913462,4.376039,0.01029,529.0,298.66464,0.000219,0.0,3.722953,2.711274,0.11066,0.0,4.5,1196.432563,1196.432563,13,2003.284419,0.0,351.0,178.0,2,-0.014443,0,203803.708155,279.897712,4,59990.13849,0.0,0,7376.887269,6,0.0,0,0,0.0,0.0,0,0.0,0.0,0,0,0,0,0,0,0,0,0,0,0,0.0,0.0,0.0,0.0,0.0,0.0,0.0,0.0,0.0,0.0,0.0,0.0,0.0,0.001687,0
﻿3,BP_VehicleAI280,73822.84482,118,BP_SpawnPoint11,STOP_VIOLATION,0.0,3795.745782,62366.635837,47.527506,244.402703,62414.163343,93.585942,0.0,6110.0,6176.0,true,28.347067,7.780078,14.751825,5.460901,0.0,687.0,270.580245,0.000488,0.0,2.624043,3.047275,0.0,0.0,3.9,1208.22678,1208.22678,19,2308.984116,0.0,560.0,127.0,0,0.0,0,365453.949054,170.926396,3,73866.350402,6000.0,1,5265.324825,4,1276.732288,1,2,2790.665222,2.952112,1282,113.975789,266.576593,0,2,1,1,1,3,2,0,0,0,0,480.171951,189.977988,0.0,988.0,294.0,0.0,198.398812,68.177782,0.0,5509.150413,5509.150413,0.0,0.0,0.00128,0
﻿3,BP_VehicleAI267,73092.526303,126,BP_SpawnPoint41,STOP_VIOLATION,0.000001,3868.493591,72450.705209,55.465028,0.0,72506.170236,43.244923,0.0,6865.0,6908.0,true,29.012555,4.651615,21.435659,2.441432,0.017466,490.0,299.01846,0.0,0.0,3.208543,0.704903,0.030492,0.0,4.5,1121.149606,1121.149606,6,2346.193641,0.0,399.0,91.0,0,0.0,0,203803.708155,248.076484,2,73107.620923,0.0,0,6547.190249,6,1498.791135,1,0,909.958984,1.0,553,24.666912,116.360673,0,2,0,1,0,1,1,0,0,0,0,150.379588,140.855861,0.0,357.0,196.0,0.0,72.622606,43.738067,0.0,0.0,0.0,0.0,0.0,0.001047,0
﻿3,BP_VehicleAI275,83792.727297,132,BP_SpawnPoint48,STOP_VIOLATION,0.0,3778.200447,79077.347933,61.137285,89.967704,79138.485218,41.496054,0.0,7422.0,7472.0,true,30.99019,10.04997,14.466279,7.798384,0.0,546.0,599.416476,0.000552,0.0,7.974487,2.656969,0.0,0.0,3.8,1143.567174,1143.567174,14,2550.436707,0.0,369.0,177.0,0,0.0,0,365453.949054,446.62084,4,84609.952584,0.0,0,5865.984981,5,1771.754339,1,2,2462.390564,2.160764,1525,159.311247,316.351693,0,1,1,1,1,3,2,0,0,0,0,684.565764,148.780686,0.0,1236.0,289.0,0.0,238.158491,78.193202,0.0,5343.755303,5485.509391,141.754088,0.0,0.002713,0
﻿3,BP_VehicleAI278,87189.733346,143,BP_SpawnPoint52,STOP_VIOLATION,0.0,4588.663684,81487.559546,62.227405,123.716232,81549.78695,37.861186,0.0,8614.0,8673.0,true,33.417085,8.883643,18.88254,6.934194,0.0,670.0,675.320236,0.000672,0.0,8.425387,2.478631,0.942519,0.0,3.8,936.584635,936.584635,17,2916.497579,0.0,540.0,130.0,0,0.0,0,365453.949054,470.808925,5,88018.235967,6000.0,1,6423.027254,5,1125.714804,1,0,910.650513,1.0,787,152.266396,157.234121,0,1,1,0,0,1,0,0,0,0,0,390.718767,0.0,0.0,787.0,0.0,0.0,157.234121,0.0,0.0,0.0,0.0,0.0,0.0,0.002198,0
﻿3,BP_VehicleAI281,118325.717793,181,BP_SpawnPoint22,STOP_VIOLATION,0.0,5728.077658,112879.905093,88.008105,0.0,112967.913198,18.455469,0.0,13116.0,13160.0,true,41.333842,8.75193,23.29061,5.598581,0.0,575.0,676.570819,0.00061,0.0,9.333446,1.465489,0.495128,0.0,3.8,2058.727263,2058.727263,20,4116.20165,0.0,444.0,131.0,3,-0.018699,0,365453.949054,513.491265,4,119299.839286,0.0,0,8975.146507,7,2202.146857,1,2,2780.489624,2.699682,2027,345.278026,443.465992,0,1,2,1,0,3,1,0,0,0,0,906.460701,117.159527,0.0,1794.0,233.0,0.0,375.816041,67.649951,0.0,5530.73683,5549.118131,18.381301,0.0,0.002617,0
﻿3,BP_VehicleAI283,111489.414218,201,BP_SpawnPoint57,STOP_VIOLATION,0.0,8242.462485,106754.615805,78.335312,22.015296,106832.951117,36.424748,0.0,15472.0,15527.0,true,48.910671,8.907688,30.550056,5.296595,0.012201,887.0,297.662456,0.000351,0.0,3.982015,1.900454,0.347327,0.0,4.5,3143.515679,3143.515679,22,5542.185939,0.0,528.0,359.0,0,0.0,0,365453.949054,335.168702,4,111503.9212,0.0,0,13550.150316,12,0.0,1,0,892.445251,1.0,287,14.249639,62.744791,0,2,0,1,0,1,1,0,0,0,0,75.953643,66.353217,0.0,189.0,98.0,0.0,39.151688,23.593103,0.0,0.0,0.0,0.0,0.0,0.001753,0
﻿4,BP_VehicleAI294,669.091866,5,BP_SpawnPoint5,COLLISION_WITH_BP_IntersectionBorder117,730.839801,670.626659,1401.945136,0.785472,0.0,1402.730608,0.0,0.0,144.0,144.0,true,2.794947,0.332971,0.410027,0.291795,0.0,9.0,0.0,0.0,0.0,0.410439,0.0,0.0,0.0,0.0,24.362279,24.362279,2,79.317231,0.0,0.0,9.0,0,0.0,0,365453.949054,4.948977,0,1737.432418,0.0,0,673.187213,1,0.0,0,0,0.0,0.0,0,0.0,0.0,0,0,0,0,0,0,0,0,0,0,0,0.0,0.0,0.0,0.0,0.0,0.0,0.0,0.0,0.0,0.0,0.0,0.0,0.0,0.000078,1
﻿4,BP_VehicleAI2112,2792.967162,5,BP_SpawnPoint2,COLLISION_WITH_BP_IntersectionBorder170,487.192668,299.493499,3576.826659,2.82667,0.0,3579.653329,0.0,0.0,162.0,162.0,true,2.445514,0.151263,0.654643,0.0,0.0,0.0,0.0,0.0,0.0,0.0,0.0,0.0,0.0,0.0,-13.429813,-13.429813,20,53.382678,0.0,0.0,0.0,2,-0.01848,0,365453.949054,0.0,0,3564.117022,0.0,0,0.0,0,0.0,0,0,0.0,0.0,0,0.0,0.0,0,0,0,0,0,0,0,0,0,0,0,0.0,0.0,0.0,0.0,0.0,0.0,0.0,0.0,0.0,0.0,0.0,0.0,0.0,0.0,1
﻿4,BP_VehicleAI2104,6252.653598,9,BP_SpawnPoint58,COLLISION_WITH_BP_IntersectionBorder217,163.404781,37.597788,5275.868634,3.468711,0.0,5279.337344,0.0,0.0,266.0,266.0,true,3.229669,0.41698,0.725029,0.297463,0.0,9.0,0.0,0.0,0.0,0.011145,0.0,0.0,0.0,0.0,34.396562,34.396562,12,100.405734,0.0,0.0,9.0,1,-0.024889,0,203803.708155,11.594645,0,6416.058379,0.0,0,1185.924631,1,0.0,1,0,867.957458,1.0,162,26.345981,20.443238,1,1,1,0,0,1,0,0,1,0,0,63.32625,0.0,0.0,162.0,0.0,0.0,20.443238,0.0,0.0,0.0,0.0,0.0,0.0,0.000018,0
﻿4,BP_VehicleAI2115,4002.200455,9,BP_SpawnPoint37,COLLISION_WITH_NavModifierVolume33,405.586161,595.547272,5000.013003,3.320884,0.0,5003.333887,0.0,0.0,267.0,267.0,true,3.127801,0.154927,1.784641,0.0,0.0,0.0,0.0,0.0,0.0,0.0,0.0,0.0,0.0,0.0,-19.596686,-19.596686,23,78.728499,0.0,0.0,0.0,5,-0.022551,0,365453.949054,0.0,0,4712.229919,0.0,0,0.0,0,0.0,0,0,0.0,0.0,0,0.0,0.0,0,0,0,0,0,0,0,0,0,0,0,0.0,0.0,0.0,0.0,0.0,0.0,0.0,0.0,0.0,0.0,0.0,0.0,0.0,0.0,1
﻿4,BP_VehicleAI2119,3765.001525,10,BP_SpawnPoint,COLLISION_WITH_NavModifierVolume32,43.172103,695.575886,4500.640532,3.108982,0.0,4503.749514,0.0,0.0,278.0,278.0,true,3.195906,0.609986,1.907958,0.0,0.0,0.0,0.0,0.0,0.0,0.0,0.0,0.0,0.0,0.0,39.785266,39.785266,27,115.486302,0.0,0.0,0.0,3,0.004158,0,203803.708155,0.0,0,4245.806624,0.0,0,0.0,0,0.0,0,0,0.0,0.0,0,0.0,0.0,0,0,0,0,0,0,0,0,0,0,0,0.0,0.0,0.0,0.0,0.0,0.0,0.0,0.0,0.0,0.0,0.0,0.0,0.0,0.0,1
﻿4,BP_VehicleAI2121,6889.979683,10,BP_SpawnPoint31,COLLISION_WITH_NavModifierVolume32,19.538477,223.555568,5764.267542,4.265545,0.0,5768.533087,0.0,0.0,279.0,279.0,true,3.266973,0.760338,0.17826,0.283729,0.0,8.0,0.0,0.0,0.0,0.205882,0.0,0.0,0.0,0.0,-22.737271,-22.737271,29,98.507336,0.0,0.0,8.0,2,-0.042317,0,203803.708155,14.975161,0,7077.640238,0.0,0,1379.721689,1,0.0,0,0,0.0,0.0,0,0.0,0.0,0,0,0,0,0,0,0,0,0,0,0,0.0,0.0,0.0,0.0,0.0,0.0,0.0,0.0,0.0,0.0,0.0,0.0,0.0,0.000003,1
﻿4,BP_VehicleAI299,3532.264699,19,BP_SpawnPoint44,COLLISION_WITH_BP_IntersectionBorder187,450.714001,2770.766097,6557.729258,3.570013,0.0,6561.299271,0.0,0.0,559.0,559.0,true,7.277624,1.029326,2.968232,0.091401,0.0,9.0,0.0,0.0,0.0,0.084363,0.0,0.0,0.0,0.0,69.783139,69.783139,7,293.799928,0.0,0.0,9.0,3,0.020031,0,203803.708155,0.977059,0,4068.235955,0.0,0,193.50695,1,0.0,1,0,312.738922,0.645383,345,18.963072,127.63446,0,3,0,1,0,1,1,1,0,0,0,78.365391,29.604358,116.255802,148.0,34.0,163.0,56.042638,22.531455,49.060367,0.0,0.0,0.0,0.0,0.000003,0
﻿4,BP_VehicleAI2111,9403.923203,20,BP_SpawnPoint42,STOP_VIOLATION,0.0,825.191523,10208.072078,7.95916,87.067603,10216.031237,0.0,0.0,609.0,609.0,true,4.41372,3.447176,3.942064,3.134351,0.0,157.0,43.920186,0.000023,0.0,0.002536,0.0,0.0,0.0,4.4,202.042951,202.042951,19,283.016095,0.0,157.0,0.0,2,0.013169,0,365453.949054,30.061208,1,9403.92518,0.0,0,0.0,0,0.0,0,0,0.0,0.0,0,0.0,0.0,0,0,0,0,0,0,0,0,0,0,0,0.0,0.0,0.0,0.0,0.0,0.0,0.0,0.0,0.0,0.0,0.0,0.0,0.0,0.000161,0
﻿4,BP_VehicleAI2114,4909.494224,21,BP_SpawnPoint10,STOP_VIOLATION,0.0,864.791691,5754.710629,3.653288,59.08368,5758.363917,57.781814,0.0,627.0,645.0,true,6.269661,4.303699,0.694913,4.089201,0.0,210.0,260.354905,0.000027,0.0,2.632451,0.413021,0.0,0.0,3.9,237.475948,237.475948,22,363.108411,0.0,138.0,72.0,1,0.023171,0,365453.949054,110.394968,2,4974.891605,0.0,0,1132.654623,1,744.651065,0,0,0.0,0.0,0,0.0,0.0,0,0,0,0,0,0,0,0,0,0,0,0.0,0.0,0.0,0.0,0.0,0.0,0.0,0.0,0.0,0.0,0.0,0.0,0.0,0.001076,0
﻿4,BP_VehicleAI2120,9515.906319,22,BP_SpawnPoint35,STOP_VIOLATION,0.0,548.303398,9668.060844,6.811408,0.0,9674.872252,157.909074,0.0,638.0,662.0,true,6.541819,1.685319,4.70623,1.446116,0.009649,174.0,368.863246,0.0,0.0,2.787567,0.505974,0.00462,0.0,4.6,170.129739,170.129739,28,280.580068,0.0,162.0,12.0,3,0.016757,0,203803.708155,223.733466,2,9531.05463,0.0,0,1142.631852,1,0.0,0,0,0.0,0.0,0,0.0,0.0,0,0,0,0,0,0,0,0,0,0,0,0.0,0.0,0.0,0.0,0.0,0.0,0.0,0.0,0.0,0.0,0.0,0.0,0.0,0.001034,0
﻿4,BP_VehicleAI297,8895.327378,23,BP_SpawnPoint29,COLLISION_WITH_BP_IntersectionBorder275,0.0,838.055994,9385.334749,5.661659,0.0,9390.996408,7.092022,0.0,700.0,701.0,true,6.809047,1.250345,3.485634,0.278998,0.0,10.0,0.0,0.0,0.0,0.108825,0.0,0.0,0.0,0.0,129.913705,129.913705,5,339.567858,0.0,0.0,10.0,1,-0.023721,0,203803.708155,10.889506,0,8895.327378,0.0,0,1277.729907,1,917.252538,1,0,912.816162,1.0,296,8.75398,57.42228,1,2,0,1,0,1,1,0,0,1,0,83.454605,70.112595,0.0,208.0,88.0,0.0,41.386496,16.035784,0.0,0.0,0.0,0.0,0.0,0.00005,0
﻿4,BP_VehicleAI2103,7877.911833,27,BP_SpawnPoint22,STOP_VIOLATION,0.0,2382.767372,9454.033778,6.050924,62.17972,9460.084702,0.0,0.0,840.0,840.0,true,8.020641,3.774709,4.043417,3.003139,0.0,180.0,49.434014,0.000062,0.0,0.0,0.0,0.0,0.0,4.4,307.483426,307.483426,11,463.142598,0.0,170.0,10.0,2,0.005454,0,203803.708155,38.86351,1,7877.912015,0.0,0,826.712634,1,0.0,0,0,0.0,0.0,0,0.0,0.0,0,0,0,0,0,0,0,0,0,0,0,0.0,0.0,0.0,0.0,0.0,0.0,0.0,0.0,0.0,0.0,0.0,0.0,0.0,0.000266,0
﻿4,BP_VehicleAI295,14854.431813,29,BP_SpawnPoint34,STOP_VIOLATION,0.42699,791.527942,13848.630488,9.479623,0.0,13858.110111,46.563328,0.0,920.0,941.0,true,8.729773,1.839557,4.82418,1.468145,0.047988,203.0,301.795397,0.0,0.0,2.740706,0.967795,0.065336,0.0,4.6,194.898914,194.898914,3,362.885356,0.0,184.0,19.0,3,0.005357,0,203803.708155,198.625779,2,14868.825435,0.0,0,2338.00274,2,0.0,0,0,0.0,0.0,0,0.0,0.0,0,0,0,0,0,0,0,0,0,0,0,0.0,0.0,0.0,0.0,0.0,0.0,0.0,0.0,0.0,0.0,0.0,0.0,0.0,0.000895,1
﻿4,BP_VehicleAI2102,10822.864581,30,BP_SpawnPoint28,COLLISION_WITH_BP_IntersectionBorder227,1503.364237,1376.838066,13578.327457,9.085227,14.559108,13587.412684,0.0,0.0,978.0,978.0,true,9.506265,1.644998,4.597168,1.265524,0.0,45.0,0.0,0.000036,0.0,0.70624,1.101515,0.0,0.0,0.0,97.0193,97.0193,10,445.369657,0.0,0.0,45.0,1,0.020229,0,203803.708155,28.374693,1,12880.134862,0.0,0,1297.347105,1,1167.170415,1,0,920.180176,1.0,384,-48.809839,113.070029,1,3,0,1,0,1,1,1,0,0,1,150.343791,40.59863,33.313477,302.0,48.0,34.0,49.956972,31.333218,31.779838,0.0,0.0,0.0,0.0,0.000629,0
﻿4,BP_VehicleAI296,18906.461636,36,BP_SpawnPoint38,STOP_VIOLATION,0.0,1486.620427,13831.589162,9.64176,0.0,13841.230922,77.888753,0.0,1179.0,1205.0,true,9.319176,3.427897,4.532952,2.986557,0.0,319.0,300.462276,0.000041,0.0,1.27532,1.535755,0.0,0.0,3.9,97.279432,97.279432,4,534.24822,0.0,307.0,12.0,0,0.0,0,203803.708155,110.964071,2,18950.826871,6000.0,1,1221.056161,1,178.613444,0,0,0.0,0.0,0,0.0,0.0,0,0,0,0,0,0,0,0,0,0,0,0.0,0.0,0.0,0.0,0.0,0.0,0.0,0.0,0.0,0.0,0.0,0.0,0.0,0.001116,0
﻿4,BP_VehicleAI2122,16006.12655,38,BP_SpawnPoint12,STOP_VIOLATION,0.0,1972.885247,18107.44886,11.890407,0.0,18119.339267,0.0,0.0,1298.0,1298.0,true,10.278416,3.693595,3.985347,3.06365,0.011802,200.0,614.839164,0.000127,0.0,6.708456,1.079091,0.034411,0.0,3.7,4.384609,4.384609,30,568.006129,0.0,179.0,21.0,2,-0.044218,0,203803.708155,406.48059,2,16905.174808,0.0,0,887.702783,2,0.0,1,0,163.558884,0.597665,278,6.699506,89.330795,0,1,0,1,0,1,0,0,0,0,0,137.885193,0.0,0.0,278.0,0.0,0.0,89.330795,0.0,0.0,0.0,0.0,0.0,0.0,0.001917,0
﻿4,BP_VehicleAI2108,19208.536583,42,BP_SpawnPoint33,STOP_VIOLATION,1.343998,1663.993618,19066.273175,12.866064,0.0,19079.139239,27.468943,0.0,1471.0,1497.0,true,11.760309,2.205492,7.136031,1.498302,0.120954,229.0,380.622389,0.0,0.0,2.391224,0.75683,0.0,0.0,4.5,383.076652,383.076652,16,606.017089,0.0,207.0,22.0,4,0.015469,0,365453.949054,234.327219,2,19248.120808,0.0,0,2439.545961,2,0.0,0,0,0.0,0.0,0,0.0,0.0,0,0,0,0,0,0,0,0,0,0,0,0.0,0.0,0.0,0.0,0.0,0.0,0.0,0.0,0.0,0.0,0.0,0.0,0.0,0.001226,0
﻿4,BP_VehicleAI2117,23027.617186,50,BP_SpawnPoint56,STOP_VIOLATION,125.066935,2474.68077,24347.598454,16.258045,0.0,24363.856499,0.0,0.0,1867.0,1867.0,true,13.478144,4.726428,5.813077,4.065467,0.0,228.0,623.040796,0.000277,0.0,7.602277,0.727249,0.081172,0.0,3.7,-89.318395,-89.318395,25,757.666415,0.0,194.0,34.0,2,0.00676,0,203803.708155,472.843326,2,24139.46237,0.0,0,2518.186489,3,0.0,1,0,607.630737,0.218801,299,-1.21088,85.842643,0,1,0,1,0,1,0,0,0,0,0,165.505351,0.0,0.0,299.0,0.0,0.0,85.842643,0.0,0.0,-151.188909,0.0,151.188909,0.0,0.002512,0
﻿4,BP_VehicleAI2110,23011.335244,53,BP_SpawnPoint59,STOP_VIOLATION,0.0,3398.671636,24795.526109,17.040433,108.893237,24812.566543,0.0,0.0,2064.0,2064.0,true,13.098231,7.922002,6.627018,7.164149,0.0,358.0,283.302625,0.000306,0.0,5.327215,0.925321,0.385216,0.0,3.9,77.507969,77.507969,18,877.093872,0.0,221.0,137.0,1,0.019436,0,365453.949054,240.099911,2,23572.520685,0.0,0,2017.277799,2,0.0,1,0,928.948914,1.0,518,104.234171,13.954201,0,2,0,0,1,1,1,0,0,0,0,218.640986,108.778333,0.0,360.0,158.0,0.0,-34.167157,48.121358,0.0,0.0,0.0,0.0,0.0,0.000641,1
﻿4,BP_VehicleAI2100,28136.958493,59,BP_SpawnPoint48,STOP_VIOLATION,155.211803,2397.610273,29284.973572,20.666576,97.267636,29305.640148,0.0,0.0,2376.0,2376.0,true,15.020343,7.94057,4.884707,7.276734,0.0,367.0,609.515989,0.000451,0.0,9.166663,2.738078,0.060693,0.0,3.7,9.423251,9.423251,8,982.435085,0.0,216.0,151.0,4,-0.015639,0,203803.708155,489.376672,4,29264.492383,0.0,0,2540.771735,3,0.0,1,0,601.130493,0.219245,451,63.34138,58.868922,0,1,0,1,0,1,0,0,0,0,0,277.98268,0.0,0.0,451.0,0.0,0.0,58.868922,0.0,0.0,-145.836192,0.0,145.836192,0.0,0.002985,0
﻿4,BP_VehicleAI2106,46870.493674,68,BP_SpawnPoint45,STOP_VIOLATION,0.0,2099.993992,46993.106956,37.487056,0.0,47030.594012,0.0,0.0,2880.0,2880.0,true,16.270197,5.109312,6.40494,4.068079,0.0,236.0,602.066907,0.000227,0.0,7.788206,0.720553,0.045703,0.0,3.7,466.637078,466.637078,14,827.44688,0.0,216.0,20.0,2,0.007112,0,365453.949054,424.700705,2,47745.422198,0.0,0,2975.188581,2,0.0,1,0,980.052185,0.952906,233,24.266078,58.769327,0,2,0,1,0,1,1,0,0,0,0,73.22383,45.737605,0.0,132.0,101.0,0.0,30.840772,27.928555,0.0,-0.736937,0.0,0.736937,0.0,0.001945,1
﻿4,BP_VehicleAI293,40573.749885,76,BP_SpawnPoint52,STOP_VIOLATION,0.0,3802.399455,36263.485363,27.210922,92.968767,36290.696285,0.0,0.0,3382.0,3382.0,true,17.395499,3.392411,14.365549,2.265048,0.052404,475.0,116.873181,0.000003,0.0,0.240706,1.346592,0.132974,0.0,4.7,142.817768,142.817768,1,1112.583433,0.0,443.0,32.0,0,0.0,0,203803.708155,51.740667,3,40573.749885,6000.0,1,2161.339268,2,0.0,0,0,0.0,0.0,0,0.0,0.0,0,0,0,0,0,0,0,0,0,0,0,0.0,0.0,0.0,0.0,0.0,0.0,0.0,0.0,0.0,0.0,0.0,0.0,0.0,0.000423,0
﻿4,BP_VehicleAI2123,40107.426848,76,BP_SpawnPoint40,STOP_VIOLATION,0.0,2434.840605,39779.326103,30.423172,252.337285,39809.749275,0.0,0.0,3394.0,3394.0,true,18.049237,12.371777,7.475061,11.425948,0.011702,531.0,580.913637,0.000408,0.0,8.844197,2.454359,0.065155,0.0,3.7,639.810388,639.810388,31,1238.214928,0.0,250.0,281.0,1,0.042416,0,203803.708155,427.35982,4,40931.331924,0.0,0,3497.301075,4,0.0,0,0,0.0,0.0,0,0.0,0.0,0,0,0,0,0,0,0,0,0,0,0,0.0,0.0,0.0,0.0,0.0,0.0,0.0,0.0,0.0,0.0,0.0,0.0,0.0,0.00212,0
﻿4,BP_VehicleAI2105,40562.021491,81,BP_SpawnPoint46,STOP_VIOLATION,0.0,3777.253891,40894.67641,28.914487,0.0,40923.590897,36.99093,0.0,3682.0,3715.0,true,20.658494,3.571531,13.886165,2.056654,0.013404,393.0,303.403139,0.0,0.0,2.751455,0.290939,0.070845,0.0,4.6,630.386182,630.386182,13,1397.815694,0.0,336.0,57.0,1,0.006963,0,203803.708155,231.507983,2,40576.649927,0.0,0,4750.324224,4,759.985096,0,0,0.0,0.0,0,0.0,0.0,0,0,0,0,0,0,0,0,0,0,0,0.0,0.0,0.0,0.0,0.0,0.0,0.0,0.0,0.0,0.0,0.0,0.0,0.0,0.001136,0
﻿4,BP_VehicleAI2101,34516.292946,84,BP_SpawnPoint47,STOP_VIOLATION,0.0,3030.294325,35059.593476,25.00623,30.596094,35084.599706,78.675271,27.026551,3933.0,3986.0,true,17.41452,8.157541,11.140337,6.978535,0.417844,773.0,210.489346,0.000123,0.0,1.639519,2.203512,0.0,0.0,3.9,980.583676,980.583676,9,1746.848947,425.0,302.0,46.0,3,0.005007,0,203803.708155,103.227815,2,34559.771928,0.0,0,3530.807285,3,678.356443,0,0,0.0,0.0,0,0.0,0.0,0,0,0,0,0,0,0,0,0,0,0,0.0,0.0,0.0,0.0,0.0,0.0,0.0,0.0,0.0,0.0,0.0,0.0,0.0,0.000745,0
﻿4,BP_VehicleAI2109,50045.444428,90,BP_SpawnPoint49,STOP_VIOLATION,0.0,3962.880368,48124.496628,35.938216,0.0,48160.434844,73.112432,0.0,4402.0,4457.0,true,22.127573,4.547892,9.688996,2.999826,0.0,415.0,195.32373,0.000107,0.0,1.99447,2.209838,0.770732,0.0,3.9,1021.337859,1021.337859,17,1674.336844,0.0,339.0,76.0,1,0.010714,0,365453.949054,135.862472,4,50131.257607,0.0,0,6254.184114,5,0.0,0,0,0.0,0.0,0,0.0,0.0,0,0,0,0,0,0,0,0,0,0,0,0.0,0.0,0.0,0.0,0.0,0.0,0.0,0.0,0.0,0.0,0.0,0.0,0.0,0.000951,0
﻿4,BP_VehicleAI298,72910.308184,133,BP_SpawnPoint43,STOP_VIOLATION,0.0,4602.969451,70173.07622,54.136163,175.108584,70227.212384,107.797584,0.0,8203.0,8273.0,true,32.752322,7.216179,18.135668,4.550037,0.0,526.0,179.232903,0.000038,0.0,5.129104,2.096392,0.309673,0.0,3.9,1434.413356,1434.413356,6,2984.274502,0.0,342.0,184.0,1,-0.044226,0,203803.708155,172.296934,4,72989.031632,0.0,0,6467.496871,5,1652.620074,1,1,1203.579437,2.0,1405,148.238578,310.082409,0,2,0,2,0,2,2,0,0,0,0,397.064023,332.510839,0.0,910.0,495.0,0.0,195.06962,115.012789,0.0,2760.538147,2760.538147,0.0,0.0,0.001713,1
﻿4,BP_VehicleAI2113,83158.179171,138,BP_SpawnPoint11,STOP_VIOLATION,0.0,4845.196589,78429.365873,60.059588,0.0,78489.425461,98.445629,0.0,8633.0,8691.0,true,30.848061,5.320165,19.888334,2.554035,0.0,476.0,180.89939,0.000051,0.0,2.227975,0.0,0.0,0.0,4.0,1348.251333,1348.251333,21,2837.390149,0.0,387.0,89.0,0,0.0,0,365453.949054,111.685873,1,83187.771569,0.0,0,6140.122561,5,1359.00566,1,2,2796.118347,2.819957,1446,48.939627,332.998215,0,2,0,2,1,3,3,0,0,0,0,420.113661,337.485563,0.0,906.0,540.0,0.0,200.847458,132.150757,0.0,5126.092685,5126.092685,0.0,0.0,0.00037,0
﻿4,BP_VehicleAI2118,78894.043734,144,BP_SpawnPoint57,STOP_VIOLATION,0.0,4557.373376,76581.070232,54.628096,0.0,76635.698328,96.613671,0.0,9302.0,9365.0,true,34.576804,6.479663,18.438858,3.726812,0.0,581.0,187.258375,0.000119,0.0,2.434589,2.665646,0.07726,0.0,3.9,2025.41406,2025.41406,26,3419.193128,0.0,415.0,166.0,2,0.026861,0,203803.708155,154.609839,4,78930.528171,0.0,0,9211.737387,8,1955.101097,1,0,876.203186,1.0,311,19.121227,68.019224,0,2,0,1,0,1,1,0,0,0,0,84.436708,82.120499,0.0,197.0,114.0,0.0,41.356368,26.662856,0.0,0.0,0.0,0.0,0.0,0.000915,0
﻿4,BP_VehicleAI2116,89639.890406,155,BP_SpawnPoint41,STOP_VIOLATION,0.0,5285.896791,87510.165428,66.409188,0.0,87576.574615,95.622251,0.0,10571.0,10664.0,true,35.89815,6.65897,21.272655,3.797578,0.0,572.0,204.749539,0.000155,0.0,2.203781,0.129767,0.148252,0.0,3.9,1925.93352,1925.93352,24,3675.949604,0.0,409.0,163.0,2,0.01109,0,365453.949054,153.677287,2,89681.944378,0.0,0,8978.71874,8,1173.252372,1,0,910.773743,1.0,590,28.401308,122.625855,0,2,0,1,0,1,1,0,0,0,0,163.822739,145.970973,0.0,384.0,206.0,0.0,77.459586,45.166269,0.0,0.0,0.0,0.0,0.0,0.000774,0
﻿4,BP_VehicleAI2107,126117.435195,203,BP_SpawnPoint7,STOP_VIOLATION,0.0,7080.880812,115344.653087,89.527608,146.019084,115434.180695,136.205527,0.0,14728.0,14808.0,true,46.28166,9.650547,29.668429,5.923839,0.0,857.0,331.090243,0.000153,0.0,2.199022,3.723186,0.234197,0.0,3.9,2268.260046,2268.260046,15,4771.546979,0.0,696.0,161.0,1,-0.041916,0,365453.949054,176.502039,6,126161.021965,12000.0,2,7561.39552,7,1297.281493,1,0,911.221313,1.0,1138,68.425393,230.320505,0,2,0,1,0,1,1,0,0,0,0,304.555518,292.374386,0.0,736.0,402.0,0.0,144.018072,86.302433,0.0,0.0,0.0,0.0,0.0,0.000814,1
﻿5,BP_VehicleAI2144,341.258882,6,BP_SpawnPoint7,COLLISION_WITH_BP_IntersectionBorder176,761.48238,593.523861,1539.377373,0.826259,0.0,1540.203631,0.0,0.0,178.0,178.0,true,2.846765,0.300299,1.368262,0.12567,0.0,8.0,0.0,0.0,0.0,0.01471,0.0,0.0,0.0,0.0,36.624082,36.624082,21,85.655037,0.0,0.0,8.0,2,0.011518,0,365453.949054,0.405971,0,1457.531803,0.0,0,156.482174,1,0.0,0,0,0.0,0.0,0,0.0,0.0,0,0,0,0,0,0,0,0,0,0,0,0.0,0.0,0.0,0.0,0.0,0.0,0.0,0.0,0.0,0.0,0.0,0.0,0.0,0.000002,1
﻿5,BP_VehicleAI2132,3701.991244,10,BP_SpawnPoint,COLLISION_WITH_NavModifierVolume32,20.938654,718.091346,4437.94921,3.072034,0.0,4441.021244,0.0,0.0,288.0,288.0,true,3.235114,0.68328,1.936449,0.0,0.0,0.0,0.0,0.0,0.0,0.0,0.0,0.0,0.0,0.0,28.007314,28.007314,9,115.761578,0.0,0.0,0.0,3,0.044476,1,203803.708155,0.0,0,4203.012244,0.0,0,0.0,0,0.0,0,0,0.0,0.0,0,0.0,0.0,0,0,0,0,0,0,0,0,0,0,0,0.0,0.0,0.0,0.0,0.0,0.0,0.0,0.0,0.0,0.0,0.0,0.0,0.0,0.0,1
﻿5,BP_VehicleAI2152,6918.716529,10,BP_SpawnPoint31,COLLISION_WITH_NavModifierVolume32,12.794757,221.40899,5781.28075,4.31515,0.0,5785.5959,0.0,0.0,289.0,289.0,true,3.28759,0.786375,0.661219,0.280042,0.0,8.0,0.0,0.0,0.0,0.199221,0.0,0.0,0.0,0.0,-30.160403,-30.160403,29,105.224324,0.0,0.0,8.0,2,-0.034979,0,203803.708155,14.736832,0,7097.159137,0.0,0,1382.260433,1,0.0,0,0,0.0,0.0,0,0.0,0.0,0,0,0,0,0,0,0,0,0,0,0,0.0,0.0,0.0,0.0,0.0,0.0,0.0,0.0,0.0,0.0,0.0,0.0,0.0,0.000003,1
﻿5,BP_VehicleAI2142,5005.738943,13,BP_SpawnPoint58,COLLISION_WITH_BP_IntersectionBorder63,1259.065238,1513.127916,6598.12456,4.050973,0.0,6602.175534,0.0,0.0,380.0,380.0,true,5.49724,0.447262,0.713799,0.27426,0.0,8.0,0.0,0.0,0.0,0.001198,0.0,0.0,0.0,0.0,-33.394106,-33.394106,19,175.161617,0.0,0.0,8.0,3,0.039547,0,365453.949054,9.732348,0,7021.864839,0.0,0,1185.490127,1,0.0,1,0,871.729553,1.0,280,-43.093592,85.877973,1,2,0,0,1,1,1,0,0,1,0,76.843508,65.095767,0.0,203.0,77.0,0.0,38.809034,47.068939,0.0,0.0,0.0,0.0,0.0,0.000018,0
﻿5,BP_VehicleAI2133,5439.635395,14,BP_SpawnPoint34,STOP_VIOLATION,0.0,235.221274,4890.919347,3.177769,0.0,4894.097116,96.965761,0.0,383.0,405.0,true,4.206842,1.887816,1.493971,1.813592,0.0,129.0,217.148064,0.000002,0.0,1.613274,0.0,0.0,0.0,3.9,110.356056,110.356056,10,191.814397,0.0,120.0,9.0,5,-0.018196,0,203803.708155,80.338065,1,5490.880335,0.0,0,1176.825377,1,0.0,0,0,0.0,0.0,0,0.0,0.0,0,0,0,0,0,0,0,0,0,0,0,0.0,0.0,0.0,0.0,0.0,0.0,0.0,0.0,0.0,0.0,0.0,0.0,0.0,0.000658,0
﻿5,BP_VehicleAI2124,7766.097241,15,BP_SpawnPoint2,STOP_VIOLATION,0.0,84.192512,7867.294081,6.391405,52.678685,7873.685486,0.0,0.0,424.0,424.0,true,2.950437,2.961259,2.830298,2.847895,0.0,139.0,45.795396,0.000009,0.0,0.00336,0.0,0.0,0.0,4.4,122.976878,122.976878,1,189.640336,0.0,139.0,0.0,0,0.0,0,203803.708155,30.275489,1,7766.09978,0.0,0,0.0,0,0.0,0,0,0.0,0.0,0,0.0,0.0,0,0,0,0,0,0,0,0,0,0,0,0.0,0.0,0.0,0.0,0.0,0.0,0.0,0.0,0.0,0.0,0.0,0.0,0.0,0.000164,1
﻿5,BP_VehicleAI2148,6904.128743,15,BP_SpawnPoint59,STOP_VIOLATION,0.0,957.658911,9071.633544,5.882374,0.0,9077.515918,82.065435,0.0,437.0,448.0,true,5.177281,3.099015,0.736911,2.971266,0.0,125.0,691.099886,0.000007,0.0,8.763779,0.0,0.0,0.0,3.8,80.628146,80.628146,25,233.587278,0.0,125.0,0.0,3,0.007524,0,203803.708155,433.797629,1,7884.728765,0.0,0,0.0,0,0.0,0,0,0.0,0.0,0,0.0,0.0,0,0,0,0,0,0,0,0,0,0,0,0.0,0.0,0.0,0.0,0.0,0.0,0.0,0.0,0.0,0.0,0.0,0.0,0.0,0.001528,1
﻿5,BP_VehicleAI2149,8322.929257,18,BP_SpawnPoint28,STOP_VIOLATION,0.0,799.895517,9975.374176,7.185027,0.0,9982.559203,0.0,0.0,524.0,524.0,true,5.420267,3.196496,1.895496,3.046655,0.0,146.0,523.210307,0.000008,0.0,6.13735,0.0,0.0,0.0,3.8,176.111093,176.111093,26,247.929986,0.0,146.0,0.0,3,-0.020356,0,203803.708155,330.385245,1,9049.823473,0.0,0,0.0,0,0.0,0,0,0.0,0.0,0,0.0,0.0,0,0,0,0,0,0,0,0,0,0,0,0.0,0.0,0.0,0.0,0.0,0.0,0.0,0.0,0.0,0.0,0.0,0.0,0.0,0.00152,0
﻿5,BP_VehicleAI2135,7875.030094,20,BP_SpawnPoint22,COLLISION_WITH_NavModifierVolume58,86.265971,1398.333069,8519.442506,5.938419,0.0,8525.380925,0.0,0.0,592.0,592.0,true,5.385259,0.863172,3.879544,0.309711,0.0,10.0,0.0,0.0,0.0,0.173488,0.173251,0.041637,0.0,0.0,28.338715,28.338715,12,187.179734,0.0,0.0,10.0,2,-0.008151,0,203803.708155,5.838712,1,8087.395364,0.0,0,840.26041,2,0.0,0,0,0.0,0.0,0,0.0,0.0,0,0,0,0,0,0,0,0,0,0,0,0.0,0.0,0.0,0.0,0.0,0.0,0.0,0.0,0.0,0.0,0.0,0.0,0.0,0.000001,2
﻿5,BP_VehicleAI2131,10938.217023,20,BP_SpawnPoint48,COLLISION_WITH_BP_IntersectionBorder217,176.433757,1762.892561,10326.561867,7.051579,0.0,10333.613447,0.0,0.0,606.0,606.0,true,6.299775,1.00029,2.850447,0.556806,0.0,19.0,0.0,0.0,0.0,0.816147,0.040735,0.041648,0.0,0.0,36.804011,36.804011,8,253.650053,0.0,0.0,19.0,3,-0.011275,0,203803.708155,26.52989,1,11114.65078,0.0,0,2571.276049,2,0.0,1,0,919.703003,1.0,179,29.280155,19.181309,1,1,1,0,0,1,0,0,1,0,0,70.991971,0.0,0.0,179.0,0.0,0.0,19.181309,0.0,0.0,0.0,0.0,0.0,0.0,0.000117,0
﻿5,BP_VehicleAI2136,5512.372107,21,BP_SpawnPoint10,STOP_VIOLATION,0.0,1096.770512,5673.316591,3.662266,78.116415,5676.978857,98.030255,0.0,610.0,632.0,true,6.511016,4.756665,0.583645,4.53982,0.0,229.0,243.472317,0.000028,0.0,2.19768,0.567329,0.0,0.0,3.8,240.511406,240.511406,13,369.525522,0.0,148.0,81.0,1,0.040741,0,203803.708155,114.018138,2,5574.932645,0.0,0,1311.766914,1,0.0,0,0,0.0,0.0,0,0.0,0.0,0,0,0,0,0,0,0,0,0,0,0,0.0,0.0,0.0,0.0,0.0,0.0,0.0,0.0,0.0,0.0,0.0,0.0,0.0,0.001149,0
﻿5,BP_VehicleAI2137,4733.829157,21,BP_SpawnPoint40,COLLISION_WITH_NavModifierVolume58,38.970508,650.774728,4272.771527,2.201059,98.103686,4274.972586,0.0,0.0,640.0,640.0,true,5.515535,5.472624,2.411806,5.133169,0.0,200.0,0.0,0.0001,0.0,0.895871,0.467229,0.091253,0.0,0.0,190.49901,190.49901,14,388.75529,0.0,0.0,200.0,2,-0.004358,0,365453.949054,13.216906,2,4772.799665,0.0,0,1064.611137,3,0.0,0,0,0.0,0.0,0,0.0,0.0,0,0,0,0,0,0,0,0,0,0,0,0.0,0.0,0.0,0.0,0.0,0.0,0.0,0.0,0.0,0.0,0.0,0.0,0.0,0.000139,2
﻿5,BP_VehicleAI2154,9035.797,21,BP_SpawnPoint42,STOP_VIOLATION,0.0,821.621112,9825.966163,7.162367,90.984928,9833.12853,0.0,0.0,641.0,641.0,true,4.610882,3.342599,4.436137,2.992695,0.0,176.0,40.221675,0.000026,0.0,0.051146,0.0,0.0,0.0,4.5,221.863073,221.863073,31,299.046834,0.0,176.0,0.0,3,0.012423,0,203803.708155,26.42234,1,9035.798807,0.0,0,0.0,0,0.0,0,0,0.0,0.0,0,0.0,0.0,0,0,0,0,0,0,0,0,0,0,0,0.0,0.0,0.0,0.0,0.0,0.0,0.0,0.0,0.0,0.0,0.0,0.0,0.0,0.00016,1
﻿5,BP_VehicleAI2128,8119.70423,21,BP_SpawnPoint41,COLLISION_WITH_NavModifierVolume61,140.791729,1776.69479,9900.712907,6.85796,0.0,9907.570867,0.0,0.0,647.0,647.0,true,6.203936,0.805215,6.147135,0.214642,0.0,17.0,3.836147,0.0,0.0,0.020188,0.0,0.0,0.0,0.3,113.275941,113.275941,5,244.001935,0.0,9.0,8.0,3,-0.022185,0,203803.708155,2.499518,0,8482.115674,0.0,0,135.975915,1,0.0,0,0,0.0,0.0,0,0.0,0.0,0,0,0,0,0,0,0,0,0,0,0,0.0,0.0,0.0,0.0,0.0,0.0,0.0,0.0,0.0,0.0,0.0,0.0,0.0,0.000179,1
﻿5,BP_VehicleAI2145,6785.940896,21,BP_SpawnPoint5,COLLISION_WITH_BP_IntersectionBorder77,856.570674,3126.966451,8883.18701,5.766743,0.0,8888.953753,0.0,0.0,651.0,651.0,true,8.561024,1.208527,1.550563,0.585008,0.0,18.0,0.0,0.0,0.0,0.327122,0.0,0.0,0.0,0.0,-58.054382,-58.054382,22,364.186151,0.0,0.0,18.0,8,0.016825,0,365453.949054,16.699464,0,8601.297354,0.0,0,1897.550981,2,0.0,1,0,912.42804,1.0,366,-117.117707,115.260224,1,3,0,0,1,1,1,1,0,0,1,85.786027,95.333503,43.620451,209.0,110.0,47.0,40.31434,50.916793,24.029091,0.0,0.0,0.0,0.0,0.000126,2
﻿5,BP_VehicleAI2139,9649.810735,27,BP_SpawnPoint33,STOP_VIOLATION,0.0,1132.557147,9869.004805,6.288663,0.0,9875.293469,84.777259,0.0,877.0,909.0,true,7.619363,2.3918,3.897631,1.903055,0.0,200.0,207.81966,0.000049,0.0,1.344639,0.0,0.0,0.0,3.9,288.685869,288.685869,16,430.670527,0.0,190.0,10.0,4,0.014508,0,365453.949054,76.107379,1,9695.090968,0.0,0,1277.123961,1,0.0,0,0,0.0,0.0,0,0.0,0.0,0,0,0,0,0,0,0,0,0,0,0,0.0,0.0,0.0,0.0,0.0,0.0,0.0,0.0,0.0,0.0,0.0,0.0,0.0,0.000562,0
﻿5,BP_VehicleAI2125,17040.426668,30,BP_SpawnPoint57,STOP_VIOLATION,0.0,899.570041,17720.348946,12.468346,0.0,17732.817291,33.95451,0.0,1019.0,1043.0,true,8.938162,3.488641,2.267595,3.021785,0.0,194.0,611.892579,0.000154,0.0,6.290165,0.0,0.0,0.0,3.8,295.874827,295.874827,2,450.033611,0.0,185.0,9.0,0,0.0,0,365453.949054,382.48094,1,17884.047509,0.0,0,1241.799444,1,0.0,1,0,898.087097,1.0,269,56.758777,55.331912,0,1,1,0,0,1,0,0,0,0,0,136.602255,0.0,0.0,269.0,0.0,0.0,55.331912,0.0,0.0,0.0,0.0,0.0,0.0,0.001679,0
﻿5,BP_VehicleAI2153,11661.706702,31,BP_SpawnPoint37,STOP_VIOLATION,33.659284,1640.665749,12554.917491,8.223651,0.0,12563.141142,27.423881,0.0,1085.0,1107.0,true,8.8419,1.541954,4.59344,0.942264,0.762402,278.0,235.190216,0.0,0.0,0.91131,1.44699,0.0,0.0,5.4,117.79529,117.79529,30,391.900604,0.0,268.0,10.0,3,-0.00124,0,203803.708155,62.6978,2,11747.862164,0.0,0,1099.113875,1,0.0,0,0,0.0,0.0,0,0.0,0.0,0,0,0,0,0,0,0,0,0,0,0,0.0,0.0,0.0,0.0,0.0,0.0,0.0,0.0,0.0,0.0,0.0,0.0,0.0,0.000073,0
﻿5,BP_VehicleAI2140,16413.006108,39,BP_SpawnPoint12,STOP_VIOLATION,0.0,1765.858977,18094.695021,12.003086,0.0,18106.698107,0.0,0.0,1488.0,1488.0,true,10.18897,4.912723,4.728311,4.222772,0.001322,245.0,462.067465,0.000404,0.0,6.181333,0.0,0.0,0.0,3.8,-26.101665,-26.101665,17,618.443363,0.0,222.0,23.0,4,0.023872,0,365453.949054,277.938505,1,16997.686734,0.0,0,818.355983,2,0.0,1,0,121.602646,1.0,282,7.509477,87.877452,0,1,0,1,0,1,0,0,0,0,0,133.823372,0.0,0.0,282.0,0.0,0.0,87.877452,0.0,0.0,0.0,0.0,0.0,0.0,0.001298,1
﻿5,BP_VehicleAI2126,18190.014865,40,BP_SpawnPoint29,STOP_VIOLATION,0.0,980.046771,20321.89899,13.997857,0.0,20335.896847,58.975814,0.0,1542.0,1578.0,true,10.936083,3.889268,5.254409,3.222662,0.0,232.0,626.801863,0.000194,0.0,6.608734,0.713036,0.0,0.0,3.8,455.054207,455.054207,3,706.540814,0.0,222.0,10.0,3,-0.012605,0,203803.708155,397.618643,2,19061.353966,0.0,0,1292.3951,1,1368.223234,1,0,917.447815,1.0,317,71.505116,68.532512,0,1,1,0,0,1,0,0,0,0,0,163.215319,0.0,0.0,317.0,0.0,0.0,68.532512,0.0,0.0,0.0,0.0,0.0,0.0,0.001827,1
﻿5,BP_VehicleAI2134,20168.67028,42,BP_SpawnPoint11,STOP_VIOLATION,0.0,2306.786525,20948.908047,14.052565,5.223128,20962.960611,0.0,0.0,1685.0,1685.0,true,11.462267,4.805182,3.975505,4.108355,0.0,274.0,280.055015,0.000461,0.0,1.739706,0.754365,0.0,0.0,3.9,8.771325,8.771325,11,735.540649,0.0,221.0,53.0,3,0.009755,0,203803.708155,265.945485,2,20884.69544,0.0,0,2055.015868,2,0.0,1,0,910.325256,1.0,251,18.182895,59.7227,0,1,0,1,0,1,0,0,0,0,0,130.389963,0.0,0.0,251.0,0.0,0.0,59.7227,0.0,0.0,0.0,0.0,0.0,0.0,0.002134,1
﻿5,BP_VehicleAI2150,31993.711589,61,BP_SpawnPoint49,STOP_VIOLATION,0.0,2883.045257,26834.108648,18.764316,171.606541,26852.872964,0.0,0.0,2836.0,2836.0,true,16.146765,6.465617,7.335745,5.264896,0.0,517.0,98.960843,0.000245,0.0,1.504933,2.239581,0.0,0.0,4.5,853.078112,853.078112,27,1233.005155,0.0,474.0,43.0,2,-0.038356,0,203803.708155,84.521238,3,31993.711863,6000.0,1,2037.265034,2,0.0,0,0,0.0,0.0,0,0.0,0.0,0,0,0,0,0,0,0,0,0,0,0,0.0,0.0,0.0,0.0,0.0,0.0,0.0,0.0,0.0,0.0,0.0,0.0,0.0,0.000433,0
﻿5,BP_VehicleAI2143,30031.3065,62,BP_SpawnPoint56,STOP_VIOLATION,0.0,3263.53029,30779.209655,23.713502,0.0,30802.923156,74.50075,0.0,2839.0,2878.0,true,15.817926,3.811797,8.779053,2.528025,0.0,301.0,215.879826,0.000084,0.0,1.059293,0.732324,0.172799,0.0,3.9,326.082822,326.082822,20,1121.443703,0.0,264.0,37.0,2,-0.008306,0,365453.949054,98.089582,2,30075.121951,0.0,0,3037.550433,3,0.0,1,0,623.299744,0.228197,424,-119.185662,136.145333,0,3,0,0,1,1,1,1,0,0,0,154.020017,43.325581,84.71913,259.0,50.0,115.0,83.200413,25.969275,26.975645,-156.106193,0.0,156.106193,0.0,0.001073,1
﻿5,BP_VehicleAI2127,37385.270239,75,BP_SpawnPoint52,STOP_VIOLATION,0.0,3143.659216,38239.774068,29.095116,761.0308,38268.869184,0.0,0.0,3801.0,3801.0,true,17.536999,11.427909,8.056698,10.314582,0.0,546.0,567.95143,0.000405,0.0,8.267205,0.888107,0.095299,0.0,3.8,791.091281,791.091281,4,1378.727229,0.0,259.0,287.0,2,-0.019639,0,203803.708155,388.696995,2,38178.426438,0.0,0,2463.948114,2,0.0,0,0,0.0,0.0,0,0.0,0.0,0,0,0,0,0,0,0,0,0,0,0,0.0,0.0,0.0,0.0,0.0,0.0,0.0,0.0,0.0,0.0,0.0,0.0,0.0,0.002607,2
﻿5,BP_VehicleAI2141,27426.980703,80,BP_SpawnPoint47,STOP_VIOLATION,25.022393,2974.774781,28982.513766,20.450805,106.67817,29002.964571,0.0,17.24742,4200.0,4200.0,true,15.493244,10.368272,6.407731,9.656769,0.210846,1151.0,631.427222,0.001024,0.0,5.348068,2.613943,0.038408,0.0,3.7,490.011992,490.011992,18,2071.350947,571.0,287.0,293.0,4,0.005306,0,365453.949054,360.728521,3,28335.111988,0.0,0,2469.736058,3,0.0,1,0,584.709473,0.213433,555,-3.174268,156.553306,0,1,0,1,0,1,0,0,0,0,0,305.599886,0.0,0.0,555.0,0.0,0.0,156.553306,0.0,0.0,-137.846564,0.0,137.846564,0.0,0.002103,0
﻿5,BP_VehicleAI2147,43464.860426,88,BP_SpawnPoint45,STOP_VIOLATION,0.0,4379.263679,41469.429652,30.003302,29.816707,41499.432954,157.160728,0.0,4699.0,4783.0,true,21.317526,5.457016,16.785607,3.512669,0.0,498.0,284.629771,0.000127,0.0,3.141067,2.645314,0.648874,0.0,3.9,1099.624206,1099.624206,24,1882.042915,0.0,457.0,41.0,3,0.024975,0,365453.949054,155.268405,3,43506.856682,6000.0,1,2452.455414,2,1537.380162,1,0,895.538696,1.0,592,29.246053,126.472434,0,2,0,1,0,1,1,0,0,0,0,162.869447,147.95715,0.0,386.0,206.0,0.0,81.923657,44.548777,0.0,0.0,0.0,0.0,0.0,0.00071,1
﻿5,BP_VehicleAI2151,56517.741225,92,BP_SpawnPoint43,COLLISION_WITH_BP_IntersectionBorder308,1729.373739,4037.46975,54174.397533,43.424284,61.710873,54217.821817,0.0,0.0,5189.0,5189.0,true,23.522161,4.912231,8.987016,3.735753,0.0,170.0,0.0,0.0002,0.0,4.05345,2.848882,0.162955,0.0,0.0,673.144455,673.144455,28,1688.652934,0.0,0.0,170.0,4,0.019735,0,203803.708155,125.303223,3,58748.496425,0.0,0,5136.162883,4,718.985347,1,2,1929.271851,2.245192,1498,121.563407,434.443173,1,3,2,1,0,3,1,1,0,0,1,619.612026,83.64772,63.308224,1342.0,91.0,65.0,301.95567,68.771721,63.715782,3717.232561,3717.232561,0.0,0.0,0.001199,0
﻿5,BP_VehicleAI2146,54014.696088,94,BP_SpawnPoint38,STOP_VIOLATION,0.886633,3854.318314,46534.339789,33.310151,0.0,46567.64994,46.987246,0.0,5259.0,5307.0,true,24.126366,4.993962,12.573029,3.442122,0.09575,627.0,401.814288,0.0,0.0,3.161565,3.474091,0.185621,0.0,4.6,933.939406,933.939406,23,1982.892045,0.0,534.0,93.0,4,-0.001017,0,365453.949054,289.686595,5,54031.781292,6000.0,1,6043.902498,5,0.0,0,0,0.0,0.0,0,0.0,0.0,0,0,0,0,0,0,0,0,0,0,0,0.0,0.0,0.0,0.0,0.0,0.0,0.0,0.0,0.0,0.0,0.0,0.0,0.0,0.001708,0
﻿5,BP_VehicleAI2138,72459.096246,107,BP_SpawnPoint35,STOP_VIOLATION,0.0,4561.634561,52615.005521,40.113755,1434.621604,52655.119276,23.61272,0.0,6749.0,6765.0,true,27.002772,10.171389,14.377516,8.602749,0.309918,1550.0,1108.319907,0.000666,0.0,11.071309,5.012677,0.956076,0.0,3.8,833.513887,833.513887,15,2332.347815,0.0,1500.0,50.0,3,-0.014567,0,365453.949054,609.271714,5,73178.923686,18000.0,3,3939.932705,3,0.0,1,1,1888.464233,1.949825,1161,68.120116,293.375203,0,1,1,0,1,2,1,0,0,0,0,432.212915,106.7562,0.0,958.0,203.0,0.0,244.548647,48.826556,0.0,2743.341152,2743.341152,0.0,0.0,0.007615,0
﻿5,BP_VehicleAI2130,66177.370184,128,BP_SpawnPoint46,STOP_VIOLATION,0.199119,5452.803275,64293.422851,44.01832,0.0,64337.441171,25.706245,0.0,9179.0,9230.0,true,32.186324,5.404459,19.981763,3.077239,0.001365,724.0,295.623926,0.0,0.0,3.557369,1.638266,0.134458,0.0,4.7,1747.299319,1747.299319,7,3363.254409,0.0,552.0,172.0,6,-0.016299,0,203803.708155,268.373513,3,66188.400854,0.0,0,7886.19364,7,0.0,0,0,0.0,0.0,0,0.0,0.0,0,0,0,0,0,0,0,0,0,0,0,0.0,0.0,0.0,0.0,0.0,0.0,0.0,0.0,0.0,0.0,0.0,0.0,0.0,0.00118,0
﻿5,BP_VehicleAI2129,111924.799827,174,BP_SpawnPoint44,STOP_VIOLATION,0.0,6723.040099,102524.265805,80.213843,78.090015,102604.479648,46.972517,259.169353,14552.0,14624.0,true,41.047557,7.865327,20.960825,4.599583,0.011303,1358.0,409.521715,0.000179,0.0,5.266151,5.295142,0.134314,0.0,4.6,967.05861,967.05861,6,4915.20318,259.0,962.0,137.0,2,-0.013192,0,203803.708155,307.984713,7,111938.784809,6000.0,1,6983.742017,6,1463.304522,1,2,2183.752991,2.933865,1801,243.136665,475.317378,0,3,1,2,0,3,2,1,0,0,0,572.575153,137.52676,340.139067,1105.0,201.0,495.0,256.887107,90.709423,127.720848,5473.749389,5473.749389,0.0,0.0,0.001992,0
